,Completed,Height,SAM,MAM (kg >),MAM (kg <=),Normal (kg >),Normal (kg <=),Overweight (kg >),Overweight (kg <),Obese
1,Girl 0-2 yrs,45,1.902,1.902,2.066,2.066,2.967,2.967,3.275,3.275
2,Girl 0-2 yrs,45.1,1.915,1.915,2.081,2.081,2.988,2.988,3.298,3.298
3,Girl 0-2 yrs,45.2,1.928,1.928,2.095,2.095,3.008,3.008,3.321,3.321
4,Girl 0-2 yrs,45.3,1.941,1.941,2.109,2.109,3.029,3.029,3.343,3.343
5,Girl 0-2 yrs,45.4,1.954,1.954,2.123,2.123,3.049,3.049,3.366,3.366
6,Girl 0-2 yrs,45.5,1.967,1.967,2.138,2.138,3.07,3.07,3.389,3.389
7,Girl 0-2 yrs,45.6,1.98,1.98,2.152,2.152,3.09,3.09,3.412,3.412
8,Girl 0-2 yrs,45.7,1.993,1.993,2.166,2.166,3.111,3.111,3.434,3.434
9,Girl 0-2 yrs,45.8,2.006,2.006,2.18,2.18,3.131,3.131,3.457,3.457
10,Girl 0-2 yrs,45.9,2.02,2.02,2.195,2.195,3.152,3.152,3.48,3.48
11,Girl 0-2 yrs,46,2.033,2.033,2.209,2.209,3.172,3.172,3.502,3.502
12,Girl 0-2 yrs,46.1,2.046,2.046,2.223,2.223,3.193,3.193,3.525,3.525
13,Girl 0-2 yrs,46.2,2.059,2.059,2.237,2.237,3.214,3.214,3.548,3.548
14,Girl 0-2 yrs,46.3,2.072,2.072,2.252,2.252,3.234,3.234,3.571,3.571
15,Girl 0-2 yrs,46.4,2.085,2.085,2.266,2.266,3.255,3.255,3.593,3.593
16,Girl 0-2 yrs,46.5,2.098,2.098,2.28,2.28,3.275,3.275,3.616,3.616
17,Girl 0-2 yrs,46.6,2.111,2.111,2.294,2.294,3.296,3.296,3.639,3.639
18,Girl 0-2 yrs,46.7,2.124,2.124,2.309,2.309,3.316,3.316,3.662,3.662
19,Girl 0-2 yrs,46.8,2.137,2.137,2.323,2.323,3.337,3.337,3.684,3.684
20,Girl 0-2 yrs,46.9,2.15,2.15,2.337,2.337,3.358,3.358,3.707,3.707
21,Girl 0-2 yrs,47,2.164,2.164,2.351,2.351,3.378,3.378,3.73,3.73
22,Girl 0-2 yrs,47.1,2.177,2.177,2.366,2.366,3.399,3.399,3.753,3.753
23,Girl 0-2 yrs,47.2,2.19,2.19,2.38,2.38,3.42,3.42,3.776,3.776
24,Girl 0-2 yrs,47.3,2.203,2.203,2.394,2.394,3.44,3.44,3.799,3.799
25,Girl 0-2 yrs,47.4,2.216,2.216,2.409,2.409,3.461,3.461,3.822,3.822
26,Girl 0-2 yrs,47.5,2.23,2.23,2.423,2.423,3.482,3.482,3.845,3.845
27,Girl 0-2 yrs,47.6,2.243,2.243,2.438,2.438,3.503,3.503,3.868,3.868
28,Girl 0-2 yrs,47.7,2.256,2.256,2.452,2.452,3.524,3.524,3.891,3.891
29,Girl 0-2 yrs,47.8,2.27,2.27,2.467,2.467,3.545,3.545,3.915,3.915
30,Girl 0-2 yrs,47.9,2.283,2.283,2.482,2.482,3.567,3.567,3.938,3.938
31,Girl 0-2 yrs,48.1,2.311,2.311,2.511,2.511,3.609,3.609,3.986,3.986
32,Girl 0-2 yrs,48.2,2.324,2.324,2.526,2.526,3.631,3.631,4.009,4.009
33,Girl 0-2 yrs,48.3,2.338,2.338,2.541,2.541,3.652,3.652,4.033,4.033
34,Girl 0-2 yrs,48.4,2.352,2.352,2.556,2.556,3.674,3.674,4.057,4.057
35,Girl 0-2 yrs,48.5,2.366,2.366,2.571,2.571,3.696,3.696,4.082,4.082
36,Girl 0-2 yrs,48.6,2.38,2.38,2.587,2.587,3.718,3.718,4.106,4.106
37,Girl 0-2 yrs,48.7,2.394,2.394,2.602,2.602,3.74,3.74,4.13,4.13
38,Girl 0-2 yrs,48.8,2.408,2.408,2.618,2.618,3.763,3.763,4.155,4.155
39,Girl 0-2 yrs,48.9,2.423,2.423,2.633,2.633,3.785,3.785,4.18,4.18
40,Girl 0-2 yrs,49,2.437,2.437,2.649,2.649,3.808,3.808,4.205,4.205
41,Girl 0-2 yrs,49.1,2.451,2.451,2.665,2.665,3.831,3.831,4.231,4.231
42,Girl 0-2 yrs,49.2,2.466,2.466,2.681,2.681,3.854,3.854,4.256,4.256
43,Girl 0-2 yrs,49.3,2.481,2.481,2.697,2.697,3.877,3.877,4.282,4.282
44,Girl 0-2 yrs,49.4,2.496,2.496,2.713,2.713,3.901,3.901,4.308,4.308
45,Girl 0-2 yrs,49.5,2.511,2.511,2.729,2.729,3.924,3.924,4.334,4.334
46,Girl 0-2 yrs,49.6,2.526,2.526,2.746,2.746,3.948,3.948,4.36,4.36
47,Girl 0-2 yrs,49.7,2.541,2.541,2.762,2.762,3.972,3.972,4.387,4.387
48,Girl 0-2 yrs,49.8,2.557,2.557,2.779,2.779,3.996,3.996,4.413,4.413
49,Girl 0-2 yrs,49.9,2.572,2.572,2.796,2.796,4.02,4.02,4.44,4.44
50,Girl 0-2 yrs,50,2.588,2.588,2.813,2.813,4.045,4.045,4.467,4.467
51,Girl 0-2 yrs,50.1,2.603,2.603,2.83,2.83,4.07,4.07,4.495,4.495
52,Girl 0-2 yrs,50.2,2.619,2.619,2.847,2.847,4.095,4.095,4.522,4.522
53,Girl 0-2 yrs,50.3,2.635,2.635,2.865,2.865,4.12,4.12,4.55,4.55
54,Girl 0-2 yrs,50.4,2.651,2.651,2.882,2.882,4.145,4.145,4.578,4.578
55,Girl 0-2 yrs,50.5,2.668,2.668,2.9,2.9,4.171,4.171,4.606,4.606
56,Girl 0-2 yrs,50.6,2.684,2.684,2.917,2.917,4.196,4.196,4.635,4.635
57,Girl 0-2 yrs,50.7,2.7,2.7,2.935,2.935,4.222,4.222,4.664,4.664
58,Girl 0-2 yrs,50.8,2.717,2.717,2.953,2.953,4.248,4.248,4.692,4.692
59,Girl 0-2 yrs,50.9,2.734,2.734,2.972,2.972,4.275,4.275,4.722,4.722
60,Girl 0-2 yrs,51,2.75,2.75,2.99,2.99,4.301,4.301,4.751,4.751
61,Girl 0-2 yrs,51.1,2.767,2.767,3.008,3.008,4.328,4.328,4.78,4.78
62,Girl 0-2 yrs,51.2,2.784,2.784,3.027,3.027,4.355,4.355,4.81,4.81
63,Girl 0-2 yrs,51.3,2.802,2.802,3.046,3.046,4.382,4.382,4.84,4.84
64,Girl 0-2 yrs,51.4,2.819,2.819,3.065,3.065,4.409,4.409,4.87,4.87
65,Girl 0-2 yrs,51.5,2.836,2.836,3.084,3.084,4.437,4.437,4.901,4.901
66,Girl 0-2 yrs,51.6,2.854,2.854,3.103,3.103,4.464,4.464,4.931,4.931
67,Girl 0-2 yrs,51.7,2.872,2.872,3.122,3.122,4.492,4.492,4.962,4.962
68,Girl 0-2 yrs,51.8,2.889,2.889,3.141,3.141,4.52,4.52,4.993,4.993
69,Girl 0-2 yrs,52,2.925,2.925,3.18,3.18,4.577,4.577,5.056,5.056
70,Girl 0-2 yrs,52.1,2.944,2.944,3.2,3.2,4.605,4.605,5.087,5.087
71,Girl 0-2 yrs,52.2,2.962,2.962,3.22,3.22,4.634,4.634,5.119,5.119
72,Girl 0-2 yrs,52.3,2.98,2.98,3.24,3.24,4.663,4.663,5.151,5.151
73,Girl 0-2 yrs,52.4,2.999,2.999,3.26,3.26,4.692,4.692,5.183,5.183
74,Girl 0-2 yrs,52.5,3.017,3.017,3.28,3.28,4.721,4.721,5.216,5.216
75,Girl 0-2 yrs,52.6,3.036,3.036,3.301,3.301,4.751,4.751,5.248,5.248
76,Girl 0-2 yrs,52.7,3.055,3.055,3.321,3.321,4.78,4.78,5.281,5.281
77,Girl 0-2 yrs,52.8,3.073,3.073,3.342,3.342,4.81,4.81,5.314,5.314
78,Girl 0-2 yrs,52.9,3.092,3.092,3.362,3.362,4.84,4.84,5.347,5.347
79,Girl 0-2 yrs,53,3.112,3.112,3.383,3.383,4.87,4.87,5.38,5.38
80,Girl 0-2 yrs,53.1,3.131,3.131,3.404,3.404,4.9,4.9,5.413,5.413
81,Girl 0-2 yrs,53.2,3.15,3.15,3.425,3.425,4.93,4.93,5.447,5.447
82,Girl 0-2 yrs,53.3,3.169,3.169,3.446,3.446,4.961,4.961,5.481,5.481
83,Girl 0-2 yrs,53.4,3.189,3.189,3.467,3.467,4.992,4.992,5.515,5.515
84,Girl 0-2 yrs,53.5,3.208,3.208,3.488,3.488,5.022,5.022,5.549,5.549
85,Girl 0-2 yrs,53.6,3.228,3.228,3.51,3.51,5.053,5.053,5.583,5.583
86,Girl 0-2 yrs,53.7,3.248,3.248,3.531,3.531,5.084,5.084,5.617,5.617
87,Girl 0-2 yrs,53.8,3.267,3.267,3.553,3.553,5.115,5.115,5.652,5.652
88,Girl 0-2 yrs,53.9,3.287,3.287,3.574,3.574,5.147,5.147,5.686,5.686
89,Girl 0-2 yrs,54,3.307,3.307,3.596,3.596,5.178,5.178,5.721,5.721
90,Girl 0-2 yrs,54.1,3.327,3.327,3.617,3.617,5.209,5.209,5.756,5.756
91,Girl 0-2 yrs,54.2,3.347,3.347,3.639,3.639,5.241,5.241,5.791,5.791
92,Girl 0-2 yrs,54.3,3.367,3.367,3.661,3.661,5.272,5.272,5.826,5.826
93,Girl 0-2 yrs,54.4,3.387,3.387,3.683,3.683,5.304,5.304,5.861,5.861
94,Girl 0-2 yrs,54.5,3.407,3.407,3.705,3.705,5.336,5.336,5.896,5.896
95,Girl 0-2 yrs,54.6,3.427,3.427,3.727,3.727,5.368,5.368,5.931,5.931
96,Girl 0-2 yrs,54.7,3.447,3.447,3.749,3.749,5.4,5.4,5.966,5.966
97,Girl 0-2 yrs,54.8,3.468,3.468,3.771,3.771,5.432,5.432,6.002,6.002
98,Girl 0-2 yrs,54.9,3.488,3.488,3.793,3.793,5.464,5.464,6.037,6.037
99,Girl 0-2 yrs,55,3.508,3.508,3.815,3.815,5.496,5.496,6.073,6.073
100,Girl 0-2 yrs,55.1,3.529,3.529,3.837,3.837,5.528,5.528,6.108,6.108
101,Girl 0-2 yrs,55.2,3.549,3.549,3.859,3.859,5.56,5.56,6.144,6.144
102,Girl 0-2 yrs,55.3,3.57,3.57,3.882,3.882,5.592,5.592,6.18,6.18
103,Girl 0-2 yrs,55.4,3.59,3.59,3.904,3.904,5.624,5.624,6.215,6.215
104,Girl 0-2 yrs,55.5,3.611,3.611,3.926,3.926,5.657,5.657,6.251,6.251
105,Girl 0-2 yrs,55.6,3.631,3.631,3.949,3.949,5.689,5.689,6.287,6.287
106,Girl 0-2 yrs,55.7,3.652,3.652,3.971,3.971,5.721,5.721,6.323,6.323
107,Girl 0-2 yrs,55.9,3.693,3.693,4.016,4.016,5.786,5.786,6.394,6.394
108,Girl 0-2 yrs,56,3.713,3.713,4.038,4.038,5.818,5.818,6.43,6.43
109,Girl 0-2 yrs,56.1,3.734,3.734,4.06,4.06,5.851,5.851,6.466,6.466
110,Girl 0-2 yrs,56.2,3.754,3.754,4.083,4.083,5.883,5.883,6.502,6.502
111,Girl 0-2 yrs,56.3,3.775,3.775,4.105,4.105,5.916,5.916,6.537,6.537
112,Girl 0-2 yrs,56.4,3.795,3.795,4.127,4.127,5.948,5.948,6.573,6.573
113,Girl 0-2 yrs,56.5,3.816,3.816,4.15,4.15,5.98,5.98,6.609,6.609
114,Girl 0-2 yrs,56.6,3.836,3.836,4.172,4.172,6.013,6.013,6.645,6.645
115,Girl 0-2 yrs,56.7,3.857,3.857,4.194,4.194,6.045,6.045,6.681,6.681
116,Girl 0-2 yrs,56.8,3.878,3.878,4.217,4.217,6.078,6.078,6.717,6.717
117,Girl 0-2 yrs,56.9,3.898,3.898,4.239,4.239,6.11,6.11,6.753,6.753
118,Girl 0-2 yrs,57,3.919,3.919,4.262,4.262,6.143,6.143,6.789,6.789
119,Girl 0-2 yrs,57.1,3.939,3.939,4.284,4.284,6.175,6.175,6.824,6.824
120,Girl 0-2 yrs,57.2,3.96,3.96,4.306,4.306,6.207,6.207,6.86,6.86
121,Girl 0-2 yrs,57.3,3.98,3.98,4.329,4.329,6.24,6.24,6.896,6.896
122,Girl 0-2 yrs,57.4,4.001,4.001,4.351,4.351,6.272,6.272,6.932,6.932
123,Girl 0-2 yrs,57.5,4.021,4.021,4.373,4.373,6.304,6.304,6.968,6.968
124,Girl 0-2 yrs,57.6,4.042,4.042,4.396,4.396,6.337,6.337,7.003,7.003
125,Girl 0-2 yrs,57.7,4.062,4.062,4.418,4.418,6.369,6.369,7.039,7.039
126,Girl 0-2 yrs,57.8,4.083,4.083,4.44,4.44,6.401,6.401,7.075,7.075
127,Girl 0-2 yrs,57.9,4.103,4.103,4.463,4.463,6.434,6.434,7.111,7.111
128,Girl 0-2 yrs,58,4.124,4.124,4.485,4.485,6.466,6.466,7.146,7.146
129,Girl 0-2 yrs,58.1,4.144,4.144,4.507,4.507,6.498,6.498,7.182,7.182
130,Girl 0-2 yrs,58.2,4.165,4.165,4.529,4.529,6.53,6.53,7.218,7.218
131,Girl 0-2 yrs,58.3,4.185,4.185,4.552,4.552,6.562,6.562,7.253,7.253
132,Girl 0-2 yrs,58.4,4.205,4.205,4.574,4.574,6.594,6.594,7.289,7.289
133,Girl 0-2 yrs,58.5,4.226,4.226,4.596,4.596,6.626,6.626,7.324,7.324
134,Girl 0-2 yrs,58.6,4.246,4.246,4.618,4.618,6.659,6.659,7.36,7.36
135,Girl 0-2 yrs,58.7,4.266,4.266,4.64,4.64,6.69,6.69,7.395,7.395
136,Girl 0-2 yrs,58.8,4.287,4.287,4.662,4.662,6.722,6.722,7.43,7.43
137,Girl 0-2 yrs,58.9,4.307,4.307,4.684,4.684,6.754,6.754,7.465,7.465
138,Girl 0-2 yrs,59,4.327,4.327,4.706,4.706,6.786,6.786,7.5,7.5
139,Girl 0-2 yrs,59.1,4.347,4.347,4.728,4.728,6.818,6.818,7.535,7.535
140,Girl 0-2 yrs,59.2,4.367,4.367,4.75,4.75,6.849,6.849,7.571,7.571
141,Girl 0-2 yrs,59.3,4.387,4.387,4.772,4.772,6.881,6.881,7.605,7.605
142,Girl 0-2 yrs,59.4,4.407,4.407,4.794,4.794,6.912,6.912,7.64,7.64
143,Girl 0-2 yrs,59.5,4.427,4.427,4.815,4.815,6.944,6.944,7.675,7.675
144,Girl 0-2 yrs,59.6,4.447,4.447,4.837,4.837,6.975,6.975,7.71,7.71
145,Girl 0-2 yrs,59.8,4.487,4.487,4.88,4.88,7.037,7.037,7.779,7.779
146,Girl 0-2 yrs,59.9,4.507,4.507,4.902,4.902,7.068,7.068,7.813,7.813
147,Girl 0-2 yrs,60,4.527,4.527,4.923,4.923,7.099,7.099,7.847,7.847
148,Girl 0-2 yrs,60.1,4.546,4.546,4.945,4.945,7.13,7.13,7.881,7.881
149,Girl 0-2 yrs,60.2,4.566,4.566,4.966,4.966,7.161,7.161,7.915,7.915
150,Girl 0-2 yrs,60.3,4.585,4.585,4.987,4.987,7.192,7.192,7.95,7.95
151,Girl 0-2 yrs,60.4,4.605,4.605,5.009,5.009,7.223,7.223,7.983,7.983
152,Girl 0-2 yrs,60.5,4.624,4.624,5.03,5.03,7.253,7.253,8.017,8.017
153,Girl 0-2 yrs,60.6,4.644,4.644,5.051,5.051,7.284,7.284,8.051,8.051
154,Girl 0-2 yrs,60.7,4.663,4.663,5.072,5.072,7.314,7.314,8.085,8.085
155,Girl 0-2 yrs,60.8,4.683,4.683,5.093,5.093,7.344,7.344,8.118,8.118
156,Girl 0-2 yrs,60.9,4.702,4.702,5.114,5.114,7.375,7.375,8.152,8.152
157,Girl 0-2 yrs,61,4.721,4.721,5.135,5.135,7.405,7.405,8.185,8.185
158,Girl 0-2 yrs,61.1,4.74,4.74,5.156,5.156,7.435,7.435,8.218,8.218
159,Girl 0-2 yrs,61.2,4.76,4.76,5.177,5.177,7.465,7.465,8.251,8.251
160,Girl 0-2 yrs,61.3,4.779,4.779,5.198,5.198,7.495,7.495,8.285,8.285
161,Girl 0-2 yrs,61.4,4.798,4.798,5.218,5.218,7.525,7.525,8.318,8.318
162,Girl 0-2 yrs,61.5,4.817,4.817,5.239,5.239,7.555,7.555,8.351,8.351
163,Girl 0-2 yrs,61.6,4.836,4.836,5.26,5.26,7.585,7.585,8.384,8.384
164,Girl 0-2 yrs,61.7,4.855,4.855,5.28,5.28,7.614,7.614,8.416,8.416
165,Girl 0-2 yrs,61.8,4.874,4.874,5.301,5.301,7.644,7.644,8.449,8.449
166,Girl 0-2 yrs,61.9,4.893,4.893,5.322,5.322,7.673,7.673,8.482,8.482
167,Girl 0-2 yrs,62,4.912,4.912,5.342,5.342,7.703,7.703,8.514,8.514
168,Girl 0-2 yrs,62.1,4.93,4.93,5.362,5.362,7.732,7.732,8.547,8.547
169,Girl 0-2 yrs,62.2,4.949,4.949,5.383,5.383,7.762,7.762,8.579,8.579
170,Girl 0-2 yrs,62.3,4.968,4.968,5.403,5.403,7.791,7.791,8.611,8.611
171,Girl 0-2 yrs,62.4,4.987,4.987,5.423,5.423,7.82,7.82,8.643,8.643
172,Girl 0-2 yrs,62.5,5.005,5.005,5.444,5.444,7.849,7.849,8.675,8.675
173,Girl 0-2 yrs,62.6,5.024,5.024,5.464,5.464,7.878,7.878,8.707,8.707
174,Girl 0-2 yrs,62.7,5.042,5.042,5.484,5.484,7.907,7.907,8.739,8.739
175,Girl 0-2 yrs,62.8,5.061,5.061,5.504,5.504,7.936,7.936,8.771,8.771
176,Girl 0-2 yrs,62.9,5.079,5.079,5.524,5.524,7.964,7.964,8.803,8.803
177,Girl 0-2 yrs,63,5.098,5.098,5.544,5.544,7.993,7.993,8.834,8.834
178,Girl 0-2 yrs,63.1,5.116,5.116,5.564,5.564,8.022,8.022,8.866,8.866
179,Girl 0-2 yrs,63.2,5.134,5.134,5.584,5.584,8.05,8.05,8.898,8.898
180,Girl 0-2 yrs,63.3,5.153,5.153,5.604,5.604,8.079,8.079,8.929,8.929
181,Girl 0-2 yrs,63.4,5.171,5.171,5.624,5.624,8.107,8.107,8.96,8.96
182,Girl 0-2 yrs,63.5,5.189,5.189,5.644,5.644,8.136,8.136,8.992,8.992
183,Girl 0-2 yrs,63.7,5.225,5.225,5.683,5.683,8.192,8.192,9.054,9.054
184,Girl 0-2 yrs,63.8,5.244,5.244,5.703,5.703,8.221,8.221,9.085,9.085
185,Girl 0-2 yrs,63.9,5.262,5.262,5.722,5.722,8.249,8.249,9.117,9.117
186,Girl 0-2 yrs,64,5.28,5.28,5.742,5.742,8.277,8.277,9.148,9.148
187,Girl 0-2 yrs,64.1,5.298,5.298,5.762,5.762,8.305,8.305,9.178,9.178
188,Girl 0-2 yrs,64.2,5.316,5.316,5.781,5.781,8.333,8.333,9.21,9.21
189,Girl 0-2 yrs,64.3,5.334,5.334,5.801,5.801,8.361,8.361,9.24,9.24
190,Girl 0-2 yrs,64.4,5.352,5.352,5.82,5.82,8.389,8.389,9.271,9.271
191,Girl 0-2 yrs,64.5,5.37,5.37,5.84,5.84,8.417,8.417,9.302,9.302
192,Girl 0-2 yrs,64.6,5.388,5.388,5.859,5.859,8.444,8.444,9.332,9.332
193,Girl 0-2 yrs,64.7,5.406,5.406,5.879,5.879,8.472,8.472,9.363,9.363
194,Girl 0-2 yrs,64.8,5.424,5.424,5.898,5.898,8.5,8.5,9.393,9.393
195,Girl 0-2 yrs,64.9,5.441,5.441,5.917,5.917,8.527,8.527,9.424,9.424
196,Girl 0-2 yrs,65,5.459,5.459,5.937,5.937,8.555,8.555,9.454,9.454
197,Girl 0-2 yrs,65.1,5.477,5.477,5.956,5.956,8.582,8.582,9.484,9.484
198,Girl 0-2 yrs,65.2,5.495,5.495,5.975,5.975,8.61,8.61,9.514,9.514
199,Girl 0-2 yrs,65.3,5.512,5.512,5.994,5.994,8.637,8.637,9.545,9.545
200,Girl 0-2 yrs,65.4,5.53,5.53,6.014,6.014,8.665,8.665,9.575,9.575
201,Girl 0-2 yrs,65.5,5.547,5.547,6.033,6.033,8.692,8.692,9.605,9.605
202,Girl 0-2 yrs,65.6,5.565,5.565,6.052,6.052,8.719,8.719,9.635,9.635
203,Girl 0-2 yrs,65.7,5.583,5.583,6.071,6.071,8.746,8.746,9.664,9.664
204,Girl 0-2 yrs,65.8,5.6,5.6,6.09,6.09,8.773,8.773,9.694,9.694
205,Girl 0-2 yrs,65.9,5.618,5.618,6.109,6.109,8.8,8.8,9.724,9.724
206,Girl 0-2 yrs,66,5.635,5.635,6.128,6.128,8.827,8.827,9.753,9.753
207,Girl 0-2 yrs,66.1,5.652,5.652,6.146,6.146,8.854,8.854,9.783,9.783
208,Girl 0-2 yrs,66.2,5.67,5.67,6.165,6.165,8.881,8.881,9.813,9.813
209,Girl 0-2 yrs,66.3,5.687,5.687,6.184,6.184,8.907,8.907,9.842,9.842
210,Girl 0-2 yrs,66.4,5.704,5.704,6.203,6.203,8.934,8.934,9.871,9.871
211,Girl 0-2 yrs,66.5,5.721,5.721,6.221,6.221,8.96,8.96,9.901,9.901
212,Girl 0-2 yrs,66.6,5.739,5.739,6.24,6.24,8.987,8.987,9.93,9.93
213,Girl 0-2 yrs,66.7,5.756,5.756,6.259,6.259,9.013,9.013,9.959,9.959
214,Girl 0-2 yrs,66.8,5.773,5.773,6.277,6.277,9.04,9.04,9.988,9.988
215,Girl 0-2 yrs,66.9,5.79,5.79,6.296,6.296,9.066,9.066,10.017,10.017
216,Girl 0-2 yrs,67,5.807,5.807,6.314,6.314,9.092,9.092,10.046,10.046
217,Girl 0-2 yrs,67.1,5.824,5.824,6.333,6.333,9.118,9.118,10.074,10.074
218,Girl 0-2 yrs,67.2,5.841,5.841,6.351,6.351,9.144,9.144,10.103,10.103
219,Girl 0-2 yrs,67.3,5.858,5.858,6.369,6.369,9.171,9.171,10.132,10.132
220,Girl 0-2 yrs,67.4,5.875,5.875,6.388,6.388,9.196,9.196,10.16,10.16
221,Girl 0-2 yrs,67.6,5.908,5.908,6.424,6.424,9.248,9.248,10.217,10.217
222,Girl 0-2 yrs,67.7,5.925,5.925,6.442,6.442,9.274,9.274,10.246,10.246
223,Girl 0-2 yrs,67.8,5.942,5.942,6.46,6.46,9.3,9.3,10.274,10.274
224,Girl 0-2 yrs,67.9,5.959,5.959,6.479,6.479,9.325,9.325,10.302,10.302
225,Girl 0-2 yrs,68,5.975,5.975,6.497,6.497,9.351,9.351,10.33,10.33
226,Girl 0-2 yrs,68.1,5.992,5.992,6.515,6.515,9.376,9.376,10.358,10.358
227,Girl 0-2 yrs,68.2,6.009,6.009,6.533,6.533,9.402,9.402,10.386,10.386
228,Girl 0-2 yrs,68.3,6.025,6.025,6.55,6.55,9.427,9.427,10.414,10.414
229,Girl 0-2 yrs,68.4,6.042,6.042,6.568,6.568,9.453,9.453,10.442,10.442
230,Girl 0-2 yrs,68.5,6.058,6.058,6.586,6.586,9.478,9.478,10.47,10.47
231,Girl 0-2 yrs,68.6,6.075,6.075,6.604,6.604,9.503,9.503,10.498,10.498
232,Girl 0-2 yrs,68.7,6.091,6.091,6.622,6.622,9.528,9.528,10.525,10.525
233,Girl 0-2 yrs,68.8,6.107,6.107,6.64,6.64,9.553,9.553,10.553,10.553
234,Girl 0-2 yrs,68.9,6.124,6.124,6.657,6.657,9.578,9.578,10.58,10.58
235,Girl 0-2 yrs,69,6.14,6.14,6.675,6.675,9.603,9.603,10.608,10.608
236,Girl 0-2 yrs,69.1,6.156,6.156,6.693,6.693,9.628,9.628,10.635,10.635
237,Girl 0-2 yrs,69.3,6.189,6.189,6.728,6.728,9.678,9.678,10.69,10.69
238,Girl 0-2 yrs,69.4,6.205,6.205,6.745,6.745,9.703,9.703,10.717,10.717
239,Girl 0-2 yrs,69.5,6.221,6.221,6.763,6.763,9.728,9.728,10.745,10.745
240,Girl 0-2 yrs,69.6,6.238,6.238,6.781,6.781,9.753,9.753,10.771,10.771
241,Girl 0-2 yrs,69.7,6.254,6.254,6.798,6.798,9.777,9.777,10.798,10.798
242,Girl 0-2 yrs,69.8,6.27,6.27,6.815,6.815,9.802,9.802,10.826,10.826
243,Girl 0-2 yrs,69.9,6.286,6.286,6.833,6.833,9.826,9.826,10.853,10.853
244,Girl 0-2 yrs,70,6.302,6.302,6.85,6.85,9.851,9.851,10.88,10.88
245,Girl 0-2 yrs,70.1,6.318,6.318,6.868,6.868,9.876,9.876,10.907,10.907
246,Girl 0-2 yrs,70.2,6.334,6.334,6.885,6.885,9.9,9.9,10.933,10.933
247,Girl 0-2 yrs,70.3,6.35,6.35,6.902,6.902,9.924,9.924,10.96,10.96
248,Girl 0-2 yrs,70.4,6.366,6.366,6.919,6.919,9.949,9.949,10.987,10.987
249,Girl 0-2 yrs,70.5,6.382,6.382,6.937,6.937,9.973,9.973,11.014,11.014
250,Girl 0-2 yrs,70.6,6.398,6.398,6.954,6.954,9.997,9.997,11.04,11.04
251,Girl 0-2 yrs,70.7,6.414,6.414,6.971,6.971,10.021,10.021,11.067,11.067
252,Girl 0-2 yrs,70.8,6.429,6.429,6.988,6.988,10.046,10.046,11.093,11.093
253,Girl 0-2 yrs,70.9,6.445,6.445,7.006,7.006,10.07,10.07,11.12,11.12
254,Girl 0-2 yrs,71,6.461,6.461,7.023,7.023,10.094,10.094,11.147,11.147
255,Girl 0-2 yrs,71.1,6.477,6.477,7.04,7.04,10.118,10.118,11.173,11.173
256,Girl 0-2 yrs,71.2,6.493,6.493,7.057,7.057,10.142,10.142,11.199,11.199
257,Girl 0-2 yrs,71.3,6.509,6.509,7.074,7.074,10.167,10.167,11.226,11.226
258,Girl 0-2 yrs,71.4,6.524,6.524,7.091,7.091,10.191,10.191,11.252,11.252
259,Girl 0-2 yrs,71.5,6.54,6.54,7.108,7.108,10.215,10.215,11.279,11.279
260,Girl 0-2 yrs,71.6,6.556,6.556,7.125,7.125,10.239,10.239,11.305,11.305
261,Girl 0-2 yrs,71.7,6.572,6.572,7.142,7.142,10.263,10.263,11.331,11.331
262,Girl 0-2 yrs,71.8,6.587,6.587,7.159,7.159,10.286,10.286,11.358,11.358
263,Girl 0-2 yrs,71.9,6.603,6.603,7.176,7.176,10.311,10.311,11.384,11.384
264,Girl 0-2 yrs,72,6.619,6.619,7.193,7.193,10.334,10.334,11.41,11.41
265,Girl 0-2 yrs,72.1,6.635,6.635,7.21,7.21,10.358,10.358,11.436,11.436
266,Girl 0-2 yrs,72.2,6.65,6.65,7.227,7.227,10.382,10.382,11.462,11.462
267,Girl 0-2 yrs,72.3,6.666,6.666,7.244,7.244,10.406,10.406,11.488,11.488
268,Girl 0-2 yrs,72.4,6.681,6.681,7.261,7.261,10.429,10.429,11.514,11.514
269,Girl 0-2 yrs,72.5,6.697,6.697,7.278,7.278,10.453,10.453,11.54,11.54
270,Girl 0-2 yrs,72.6,6.712,6.712,7.294,7.294,10.477,10.477,11.566,11.566
271,Girl 0-2 yrs,72.7,6.728,6.728,7.311,7.311,10.5,10.5,11.592,11.592
272,Girl 0-2 yrs,72.8,6.743,6.743,7.328,7.328,10.524,10.524,11.618,11.618
273,Girl 0-2 yrs,72.9,6.759,6.759,7.345,7.345,10.547,10.547,11.643,11.643
274,Girl 0-2 yrs,73,6.774,6.774,7.361,7.361,10.571,10.571,11.669,11.669
275,Girl 0-2 yrs,73.2,6.805,6.805,7.395,7.395,10.617,10.617,11.72,11.72
276,Girl 0-2 yrs,73.3,6.82,6.82,7.411,7.411,10.64,10.64,11.746,11.746
277,Girl 0-2 yrs,73.4,6.836,6.836,7.428,7.428,10.664,10.664,11.771,11.771
278,Girl 0-2 yrs,73.5,6.851,6.851,7.444,7.444,10.687,10.687,11.797,11.797
279,Girl 0-2 yrs,73.6,6.866,6.866,7.461,7.461,10.71,10.71,11.822,11.822
280,Girl 0-2 yrs,73.7,6.881,6.881,7.477,7.477,10.733,10.733,11.847,11.847
281,Girl 0-2 yrs,73.8,6.896,6.896,7.493,7.493,10.756,10.756,11.872,11.872
282,Girl 0-2 yrs,73.9,6.911,6.911,7.51,7.51,10.779,10.779,11.898,11.898
283,Girl 0-2 yrs,74,6.927,6.927,7.526,7.526,10.801,10.801,11.922,11.922
284,Girl 0-2 yrs,74.1,6.942,6.942,7.542,7.542,10.824,10.824,11.947,11.947
285,Girl 0-2 yrs,74.2,6.957,6.957,7.559,7.559,10.847,10.847,11.972,11.972
286,Girl 0-2 yrs,74.3,6.972,6.972,7.575,7.575,10.869,10.869,11.997,11.997
287,Girl 0-2 yrs,74.4,6.986,6.986,7.591,7.591,10.892,10.892,12.022,12.022
288,Girl 0-2 yrs,74.5,7.001,7.001,7.607,7.607,10.915,10.915,12.046,12.046
289,Girl 0-2 yrs,74.6,7.016,7.016,7.623,7.623,10.937,10.937,12.071,12.071
290,Girl 0-2 yrs,74.7,7.031,7.031,7.639,7.639,10.959,10.959,12.095,12.095
291,Girl 0-2 yrs,74.8,7.046,7.046,7.655,7.655,10.982,10.982,12.12,12.12
292,Girl 0-2 yrs,74.9,7.06,7.06,7.671,7.671,11.004,11.004,12.144,12.144
293,Girl 0-2 yrs,75,7.075,7.075,7.687,7.687,11.026,11.026,12.168,12.168
294,Girl 0-2 yrs,75.1,7.09,7.09,7.702,7.702,11.048,11.048,12.193,12.193
295,Girl 0-2 yrs,75.2,7.104,7.104,7.718,7.718,11.07,11.07,12.217,12.217
296,Girl 0-2 yrs,75.3,7.119,7.119,7.734,7.734,11.092,11.092,12.241,12.241
297,Girl 0-2 yrs,75.4,7.134,7.134,7.75,7.75,11.114,11.114,12.265,12.265
298,Girl 0-2 yrs,75.5,7.148,7.148,7.766,7.766,11.136,11.136,12.289,12.289
299,Girl 0-2 yrs,75.6,7.163,7.163,7.781,7.781,11.158,11.158,12.313,12.313
300,Girl 0-2 yrs,75.7,7.177,7.177,7.797,7.797,11.18,11.18,12.337,12.337
301,Girl 0-2 yrs,75.8,7.192,7.192,7.812,7.812,11.202,11.202,12.361,12.361
302,Girl 0-2 yrs,75.9,7.206,7.206,7.828,7.828,11.224,11.224,12.385,12.385
303,Girl 0-2 yrs,76,7.221,7.221,7.844,7.844,11.246,11.246,12.408,12.408
304,Girl 0-2 yrs,76.1,7.235,7.235,7.859,7.859,11.267,11.267,12.432,12.432
305,Girl 0-2 yrs,76.2,7.249,7.249,7.875,7.875,11.289,11.289,12.456,12.456
306,Girl 0-2 yrs,76.3,7.264,7.264,7.89,7.89,11.311,11.311,12.48,12.48
307,Girl 0-2 yrs,76.4,7.278,7.278,7.906,7.906,11.333,11.333,12.504,12.504
308,Girl 0-2 yrs,76.5,7.293,7.293,7.922,7.922,11.354,11.354,12.527,12.527
309,Girl 0-2 yrs,76.6,7.307,7.307,7.937,7.937,11.376,11.376,12.551,12.551
310,Girl 0-2 yrs,76.7,7.321,7.321,7.953,7.953,11.398,11.398,12.575,12.575
311,Girl 0-2 yrs,76.8,7.336,7.336,7.968,7.968,11.419,11.419,12.598,12.598
312,Girl 0-2 yrs,76.9,7.35,7.35,7.984,7.984,11.441,11.441,12.622,12.622
313,Girl 0-2 yrs,77.1,7.379,7.379,8.015,8.015,11.484,11.484,12.67,12.67
314,Girl 0-2 yrs,77.2,7.394,7.394,8.031,8.031,11.506,11.506,12.694,12.694
315,Girl 0-2 yrs,77.3,7.408,7.408,8.046,8.046,11.528,11.528,12.718,12.718
316,Girl 0-2 yrs,77.4,7.423,7.423,8.062,8.062,11.55,11.55,12.741,12.741
317,Girl 0-2 yrs,77.5,7.437,7.437,8.078,8.078,11.572,11.572,12.765,12.765
318,Girl 0-2 yrs,77.6,7.452,7.452,8.094,8.094,11.594,11.594,12.79,12.79
319,Girl 0-2 yrs,77.7,7.466,7.466,8.109,8.109,11.616,11.616,12.813,12.813
320,Girl 0-2 yrs,77.8,7.481,7.481,8.125,8.125,11.638,11.638,12.838,12.838
321,Girl 0-2 yrs,77.9,7.496,7.496,8.141,8.141,11.66,11.66,12.861,12.861
322,Girl 0-2 yrs,78,7.511,7.511,8.157,8.157,11.682,11.682,12.886,12.886
323,Girl 0-2 yrs,78.1,7.525,7.525,8.173,8.173,11.704,11.704,12.91,12.91
324,Girl 0-2 yrs,78.2,7.54,7.54,8.189,8.189,11.727,11.727,12.935,12.935
325,Girl 0-2 yrs,78.3,7.555,7.555,8.205,8.205,11.749,11.749,12.959,12.959
326,Girl 0-2 yrs,78.4,7.57,7.57,8.221,8.221,11.771,11.771,12.984,12.984
327,Girl 0-2 yrs,78.5,7.585,7.585,8.237,8.237,11.794,11.794,13.008,13.008
328,Girl 0-2 yrs,78.6,7.6,7.6,8.253,8.253,11.816,11.816,13.033,13.033
329,Girl 0-2 yrs,78.7,7.615,7.615,8.27,8.27,11.839,11.839,13.058,13.058
330,Girl 0-2 yrs,78.8,7.63,7.63,8.286,8.286,11.862,11.862,13.083,13.083
331,Girl 0-2 yrs,78.9,7.645,7.645,8.302,8.302,11.884,11.884,13.107,13.107
332,Girl 0-2 yrs,79,7.66,7.66,8.319,8.319,11.907,11.907,13.132,13.132
333,Girl 0-2 yrs,79.1,7.676,7.676,8.335,8.335,11.93,11.93,13.158,13.158
334,Girl 0-2 yrs,79.2,7.691,7.691,8.352,8.352,11.954,11.954,13.183,13.183
335,Girl 0-2 yrs,79.3,7.706,7.706,8.368,8.368,11.977,11.977,13.208,13.208
336,Girl 0-2 yrs,79.4,7.722,7.722,8.385,8.385,12,12,13.234,13.234
337,Girl 0-2 yrs,79.5,7.737,7.737,8.402,8.402,12.023,12.023,13.26,13.26
338,Girl 0-2 yrs,79.6,7.753,7.753,8.419,8.419,12.047,12.047,13.285,13.285
339,Girl 0-2 yrs,79.7,7.769,7.769,8.436,8.436,12.07,12.07,13.311,13.311
340,Girl 0-2 yrs,79.8,7.784,7.784,8.453,8.453,12.094,12.094,13.337,13.337
341,Girl 0-2 yrs,79.9,7.8,7.8,8.47,8.47,12.118,12.118,13.363,13.363
342,Girl 0-2 yrs,80,7.816,7.816,8.487,8.487,12.142,12.142,13.389,13.389
343,Girl 0-2 yrs,80.1,7.832,7.832,8.504,8.504,12.166,12.166,13.416,13.416
344,Girl 0-2 yrs,80.2,7.848,7.848,8.522,8.522,12.19,12.19,13.442,13.442
345,Girl 0-2 yrs,80.3,7.864,7.864,8.539,8.539,12.215,12.215,13.469,13.469
346,Girl 0-2 yrs,80.4,7.88,7.88,8.556,8.556,12.239,12.239,13.496,13.496
347,Girl 0-2 yrs,80.5,7.897,7.897,8.574,8.574,12.264,12.264,13.523,13.523
348,Girl 0-2 yrs,80.6,7.913,7.913,8.592,8.592,12.289,12.289,13.55,13.55
349,Girl 0-2 yrs,80.7,7.929,7.929,8.609,8.609,12.313,12.313,13.577,13.577
350,Girl 0-2 yrs,80.8,7.946,7.946,8.627,8.627,12.338,12.338,13.604,13.604
351,Girl 0-2 yrs,81,7.979,7.979,8.663,8.663,12.388,12.388,13.659,13.659
352,Girl 0-2 yrs,81.1,7.996,7.996,8.681,8.681,12.414,12.414,13.687,13.687
353,Girl 0-2 yrs,81.2,8.013,8.013,8.7,8.7,12.439,12.439,13.715,13.715
354,Girl 0-2 yrs,81.3,8.03,8.03,8.718,8.718,12.465,12.465,13.743,13.743
355,Girl 0-2 yrs,81.4,8.047,8.047,8.736,8.736,12.491,12.491,13.771,13.771
356,Girl 0-2 yrs,81.5,8.064,8.064,8.755,8.755,12.517,12.517,13.8,13.8
357,Girl 0-2 yrs,81.6,8.081,8.081,8.773,8.773,12.542,12.542,13.828,13.828
358,Girl 0-2 yrs,81.7,8.098,8.098,8.792,8.792,12.569,12.569,13.857,13.857
359,Girl 0-2 yrs,81.8,8.115,8.115,8.81,8.81,12.595,12.595,13.885,13.885
360,Girl 0-2 yrs,81.9,8.133,8.133,8.829,8.829,12.621,12.621,13.914,13.914
361,Girl 0-2 yrs,82,8.15,8.15,8.848,8.848,12.647,12.647,13.943,13.943
362,Girl 0-2 yrs,82.1,8.167,8.167,8.867,8.867,12.674,12.674,13.972,13.972
363,Girl 0-2 yrs,82.2,8.185,8.185,8.886,8.886,12.701,12.701,14.001,14.001
364,Girl 0-2 yrs,82.3,8.203,8.203,8.905,8.905,12.727,12.727,14.031,14.031
365,Girl 0-2 yrs,82.4,8.22,8.22,8.924,8.924,12.755,12.755,14.061,14.061
366,Girl 0-2 yrs,82.5,8.238,8.238,8.943,8.943,12.781,12.781,14.09,14.09
367,Girl 0-2 yrs,82.6,8.256,8.256,8.962,8.962,12.809,12.809,14.12,14.12
368,Girl 0-2 yrs,82.7,8.274,8.274,8.982,8.982,12.836,12.836,14.15,14.15
369,Girl 0-2 yrs,82.8,8.292,8.292,9.001,9.001,12.863,12.863,14.18,14.18
370,Girl 0-2 yrs,82.9,8.31,8.31,9.021,9.021,12.89,12.89,14.21,14.21
371,Girl 0-2 yrs,83,8.328,8.328,9.04,9.04,12.918,12.918,14.24,14.24
372,Girl 0-2 yrs,83.1,8.346,8.346,9.06,9.06,12.946,12.946,14.27,14.27
373,Girl 0-2 yrs,83.2,8.364,8.364,9.08,9.08,12.974,12.974,14.301,14.301
374,Girl 0-2 yrs,83.3,8.383,8.383,9.1,9.1,13.001,13.001,14.331,14.331
375,Girl 0-2 yrs,83.4,8.401,8.401,9.119,9.119,13.03,13.03,14.363,14.363
376,Girl 0-2 yrs,83.5,8.419,8.419,9.139,9.139,13.058,13.058,14.393,14.393
377,Girl 0-2 yrs,83.6,8.438,8.438,9.159,9.159,13.086,13.086,14.424,14.424
378,Girl 0-2 yrs,83.7,8.456,8.456,9.179,9.179,13.114,13.114,14.455,14.455
379,Girl 0-2 yrs,83.8,8.475,8.475,9.199,9.199,13.143,13.143,14.486,14.486
380,Girl 0-2 yrs,83.9,8.493,8.493,9.22,9.22,13.171,13.171,14.518,14.518
381,Girl 0-2 yrs,84,8.512,8.512,9.24,9.24,13.2,13.2,14.549,14.549
382,Girl 0-2 yrs,84.1,8.531,8.531,9.26,9.26,13.228,13.228,14.581,14.581
383,Girl 0-2 yrs,84.2,8.55,8.55,9.281,9.281,13.257,13.257,14.613,14.613
384,Girl 0-2 yrs,84.3,8.569,8.569,9.301,9.301,13.286,13.286,14.644,14.644
385,Girl 0-2 yrs,84.4,8.587,8.587,9.321,9.321,13.315,13.315,14.676,14.676
386,Girl 0-2 yrs,84.5,8.606,8.606,9.342,9.342,13.344,13.344,14.708,14.708
387,Girl 0-2 yrs,84.6,8.625,8.625,9.363,9.363,13.373,13.373,14.74,14.74
388,Girl 0-2 yrs,84.7,8.644,8.644,9.383,9.383,13.402,13.402,14.772,14.772
389,Girl 0-2 yrs,84.9,8.682,8.682,9.425,9.425,13.461,13.461,14.837,14.837
390,Girl 0-2 yrs,85,8.702,8.702,9.445,9.445,13.491,13.491,14.869,14.869
391,Girl 0-2 yrs,85.1,8.721,8.721,9.466,9.466,13.52,13.52,14.902,14.902
392,Girl 0-2 yrs,85.2,8.74,8.74,9.487,9.487,13.55,13.55,14.934,14.934
393,Girl 0-2 yrs,85.3,8.76,8.76,9.508,9.508,13.58,13.58,14.967,14.967
394,Girl 0-2 yrs,85.4,8.779,8.779,9.529,9.529,13.609,13.609,15,15
395,Girl 0-2 yrs,85.5,8.798,8.798,9.55,9.55,13.639,13.639,15.033,15.033
396,Girl 0-2 yrs,85.6,8.818,8.818,9.571,9.571,13.669,13.669,15.065,15.065
397,Girl 0-2 yrs,85.7,8.837,8.837,9.592,9.592,13.699,13.699,15.098,15.098
398,Girl 0-2 yrs,85.8,8.856,8.856,9.613,9.613,13.729,13.729,15.131,15.131
399,Girl 0-2 yrs,85.9,8.876,8.876,9.634,9.634,13.759,13.759,15.164,15.164
400,Girl 0-2 yrs,86,8.895,8.895,9.655,9.655,13.789,13.789,15.197,15.197
401,Girl 0-2 yrs,86.1,8.915,8.915,9.676,9.676,13.819,13.819,15.23,15.23
402,Girl 0-2 yrs,86.2,8.934,8.934,9.697,9.697,13.849,13.849,15.264,15.264
403,Girl 0-2 yrs,86.3,8.954,8.954,9.719,9.719,13.879,13.879,15.297,15.297
404,Girl 0-2 yrs,86.4,8.973,8.973,9.74,9.74,13.91,13.91,15.33,15.33
405,Girl 0-2 yrs,86.5,8.993,8.993,9.761,9.761,13.94,13.94,15.363,15.363
406,Girl 0-2 yrs,86.6,9.012,9.012,9.782,9.782,13.97,13.97,15.397,15.397
407,Girl 0-2 yrs,86.7,9.032,9.032,9.803,9.803,14,14,15.43,15.43
408,Girl 0-2 yrs,86.8,9.051,9.051,9.825,9.825,14.031,14.031,15.464,15.464
409,Girl 0-2 yrs,86.9,9.071,9.071,9.846,9.846,14.061,14.061,15.497,15.497
410,Girl 0-2 yrs,87,9.091,9.091,9.867,9.867,14.091,14.091,15.531,15.531
411,Girl 0-2 yrs,87.1,9.11,9.11,9.888,9.888,14.122,14.122,15.564,15.564
412,Girl 0-2 yrs,87.2,9.13,9.13,9.91,9.91,14.152,14.152,15.597,15.597
413,Girl 0-2 yrs,87.3,9.149,9.149,9.931,9.931,14.182,14.182,15.631,15.631
414,Girl 0-2 yrs,87.4,9.169,9.169,9.952,9.952,14.213,14.213,15.664,15.664
415,Girl 0-2 yrs,87.5,9.188,9.188,9.973,9.973,14.243,14.243,15.698,15.698
416,Girl 0-2 yrs,87.6,9.208,9.208,9.994,9.994,14.273,14.273,15.731,15.731
417,Girl 0-2 yrs,87.7,9.227,9.227,10.015,10.015,14.304,14.304,15.765,15.765
418,Girl 0-2 yrs,87.8,9.247,9.247,10.037,10.037,14.334,14.334,15.798,15.798
419,Girl 0-2 yrs,87.9,9.266,9.266,10.058,10.058,14.364,14.364,15.832,15.832
420,Girl 0-2 yrs,88,9.286,9.286,10.079,10.079,14.395,14.395,15.865,15.865
421,Girl 0-2 yrs,88.1,9.305,9.305,10.1,10.1,14.425,14.425,15.899,15.899
422,Girl 0-2 yrs,88.2,9.324,9.324,10.121,10.121,14.455,14.455,15.932,15.932
423,Girl 0-2 yrs,88.3,9.344,9.344,10.142,10.142,14.485,14.485,15.965,15.965
424,Girl 0-2 yrs,88.4,9.363,9.363,10.163,10.163,14.516,14.516,15.999,15.999
425,Girl 0-2 yrs,88.5,9.383,9.383,10.184,10.184,14.546,14.546,16.032,16.032
426,Girl 0-2 yrs,88.6,9.402,9.402,10.205,10.205,14.576,14.576,16.066,16.066
427,Girl 0-2 yrs,88.8,9.441,9.441,10.247,10.247,14.637,14.637,16.133,16.133
428,Girl 0-2 yrs,88.9,9.46,9.46,10.268,10.268,14.667,14.667,16.166,16.166
429,Girl 0-2 yrs,89,9.479,9.479,10.289,10.289,14.697,14.697,16.2,16.2
430,Girl 0-2 yrs,89.1,9.498,9.498,10.31,10.31,14.728,14.728,16.233,16.233
431,Girl 0-2 yrs,89.2,9.518,9.518,10.331,10.331,14.758,14.758,16.266,16.266
432,Girl 0-2 yrs,89.3,9.537,9.537,10.352,10.352,14.788,14.788,16.3,16.3
433,Girl 0-2 yrs,89.4,9.556,9.556,10.373,10.373,14.818,14.818,16.333,16.333
434,Girl 0-2 yrs,89.5,9.575,9.575,10.394,10.394,14.848,14.848,16.367,16.367
435,Girl 0-2 yrs,89.6,9.595,9.595,10.415,10.415,14.879,14.879,16.4,16.4
436,Girl 0-2 yrs,89.7,9.614,9.614,10.436,10.436,14.909,14.909,16.433,16.433
437,Girl 0-2 yrs,89.8,9.633,9.633,10.457,10.457,14.939,14.939,16.466,16.466
438,Girl 0-2 yrs,89.9,9.652,9.652,10.477,10.477,14.969,14.969,16.5,16.5
439,Girl 0-2 yrs,90,9.671,9.671,10.498,10.498,14.999,14.999,16.533,16.533
440,Girl 0-2 yrs,90.1,9.69,9.69,10.519,10.519,15.029,15.029,16.566,16.566
441,Girl 0-2 yrs,90.2,9.709,9.709,10.54,10.54,15.059,15.059,16.6,16.6
442,Girl 0-2 yrs,90.3,9.728,9.728,10.561,10.561,15.09,15.09,16.633,16.633
443,Girl 0-2 yrs,90.4,9.747,9.747,10.581,10.581,15.12,15.12,16.667,16.667
444,Girl 0-2 yrs,90.5,9.767,9.767,10.602,10.602,15.15,15.15,16.7,16.7
445,Girl 0-2 yrs,90.6,9.786,9.786,10.623,10.623,15.18,15.18,16.733,16.733
446,Girl 0-2 yrs,90.7,9.805,9.805,10.644,10.644,15.21,15.21,16.767,16.767
447,Girl 0-2 yrs,90.8,9.824,9.824,10.664,10.664,15.24,15.24,16.8,16.8
448,Girl 0-2 yrs,90.9,9.843,9.843,10.685,10.685,15.27,15.27,16.833,16.833
449,Girl 0-2 yrs,91,9.862,9.862,10.706,10.706,15.3,15.3,16.866,16.866
450,Girl 0-2 yrs,91.1,9.881,9.881,10.726,10.726,15.33,15.33,16.9,16.9
451,Girl 0-2 yrs,91.2,9.9,9.9,10.747,10.747,15.36,15.36,16.933,16.933
452,Girl 0-2 yrs,91.3,9.918,9.918,10.768,10.768,15.39,15.39,16.967,16.967
453,Girl 0-2 yrs,91.4,9.937,9.937,10.788,10.788,15.421,15.421,17,17
454,Girl 0-2 yrs,91.5,9.956,9.956,10.809,10.809,15.451,15.451,17.033,17.033
455,Girl 0-2 yrs,91.6,9.975,9.975,10.83,10.83,15.481,15.481,17.067,17.067
456,Girl 0-2 yrs,91.7,9.994,9.994,10.85,10.85,15.511,15.511,17.1,17.1
457,Girl 0-2 yrs,91.8,10.013,10.013,10.871,10.871,15.541,15.541,17.134,17.134
458,Girl 0-2 yrs,91.9,10.032,10.032,10.892,10.892,15.571,15.571,17.167,17.167
459,Girl 0-2 yrs,92,10.051,10.051,10.912,10.912,15.601,15.601,17.2,17.2
460,Girl 0-2 yrs,92.1,10.07,10.07,10.933,10.933,15.631,15.631,17.234,17.234
461,Girl 0-2 yrs,92.2,10.089,10.089,10.953,10.953,15.662,15.662,17.267,17.267
462,Girl 0-2 yrs,92.3,10.108,10.108,10.974,10.974,15.692,15.692,17.301,17.301
463,Girl 0-2 yrs,92.4,10.127,10.127,10.995,10.995,15.722,15.722,17.334,17.334
464,Girl 0-2 yrs,92.5,10.146,10.146,11.015,11.015,15.752,15.752,17.368,17.368
465,Girl 0-2 yrs,92.7,10.183,10.183,11.056,11.056,15.813,15.813,17.435,17.435
466,Girl 0-2 yrs,92.8,10.202,10.202,11.077,11.077,15.843,15.843,17.469,17.469
467,Girl 0-2 yrs,92.9,10.221,10.221,11.098,11.098,15.873,15.873,17.502,17.502
468,Girl 0-2 yrs,93,10.24,10.24,11.118,11.118,15.903,15.903,17.535,17.535
469,Girl 0-2 yrs,93.1,10.258,10.258,11.139,11.139,15.934,15.934,17.569,17.569
470,Girl 0-2 yrs,93.2,10.277,10.277,11.159,11.159,15.964,15.964,17.603,17.603
471,Girl 0-2 yrs,93.3,10.296,10.296,11.18,11.18,15.994,15.994,17.636,17.636
472,Girl 0-2 yrs,93.4,10.315,10.315,11.201,11.201,16.025,16.025,17.671,17.671
473,Girl 0-2 yrs,93.5,10.334,10.334,11.221,11.221,16.055,16.055,17.704,17.704
474,Girl 0-2 yrs,93.6,10.353,10.353,11.242,11.242,16.085,16.085,17.738,17.738
475,Girl 0-2 yrs,93.7,10.372,10.372,11.262,11.262,16.116,16.116,17.772,17.772
476,Girl 0-2 yrs,93.8,10.391,10.391,11.283,11.283,16.146,16.146,17.806,17.806
477,Girl 0-2 yrs,93.9,10.409,10.409,11.304,11.304,16.177,16.177,17.84,17.84
478,Girl 0-2 yrs,94,10.428,10.428,11.324,11.324,16.207,16.207,17.873,17.873
479,Girl 0-2 yrs,94.1,10.447,10.447,11.345,11.345,16.237,16.237,17.907,17.907
480,Girl 0-2 yrs,94.2,10.466,10.466,11.366,11.366,16.268,16.268,17.942,17.942
481,Girl 0-2 yrs,94.3,10.485,10.485,11.386,11.386,16.298,16.298,17.975,17.975
482,Girl 0-2 yrs,94.4,10.504,10.504,11.407,11.407,16.329,16.329,18.01,18.01
483,Girl 0-2 yrs,94.5,10.523,10.523,11.428,11.428,16.36,16.36,18.044,18.044
484,Girl 0-2 yrs,94.6,10.542,10.542,11.448,11.448,16.39,16.39,18.078,18.078
485,Girl 0-2 yrs,94.7,10.561,10.561,11.469,11.469,16.421,16.421,18.112,18.112
486,Girl 0-2 yrs,94.8,10.58,10.58,11.49,11.49,16.452,16.452,18.146,18.146
487,Girl 0-2 yrs,94.9,10.599,10.599,11.511,11.511,16.483,16.483,18.181,18.181
488,Girl 0-2 yrs,95,10.618,10.618,11.532,11.532,16.513,16.513,18.215,18.215
489,Girl 0-2 yrs,95.1,10.637,10.637,11.552,11.552,16.545,16.545,18.25,18.25
490,Girl 0-2 yrs,95.2,10.656,10.656,11.573,11.573,16.576,16.576,18.284,18.284
491,Girl 0-2 yrs,95.3,10.675,10.675,11.594,11.594,16.606,16.606,18.318,18.318
492,Girl 0-2 yrs,95.4,10.694,10.694,11.615,11.615,16.637,16.637,18.353,18.353
493,Girl 0-2 yrs,95.5,10.713,10.713,11.636,11.636,16.669,16.669,18.388,18.388
494,Girl 0-2 yrs,95.6,10.732,10.732,11.657,11.657,16.7,16.7,18.423,18.423
495,Girl 0-2 yrs,95.7,10.751,10.751,11.678,11.678,16.731,16.731,18.457,18.457
496,Girl 0-2 yrs,95.8,10.77,10.77,11.699,11.699,16.762,16.762,18.492,18.492
497,Girl 0-2 yrs,95.9,10.789,10.789,11.719,11.719,16.793,16.793,18.527,18.527
498,Girl 0-2 yrs,96,10.809,10.809,11.74,11.74,16.825,16.825,18.562,18.562
499,Girl 0-2 yrs,96.1,10.828,10.828,11.761,11.761,16.856,16.856,18.597,18.597
500,Girl 0-2 yrs,96.2,10.847,10.847,11.783,11.783,16.887,16.887,18.632,18.632
501,Girl 0-2 yrs,96.3,10.866,10.866,11.804,11.804,16.919,16.919,18.667,18.667
502,Girl 0-2 yrs,96.4,10.885,10.885,11.825,11.825,16.95,16.95,18.702,18.702
503,Girl 0-2 yrs,96.6,10.924,10.924,11.867,11.867,17.013,17.013,18.773,18.773
504,Girl 0-2 yrs,96.7,10.943,10.943,11.888,11.888,17.045,17.045,18.808,18.808
505,Girl 0-2 yrs,96.8,10.963,10.963,11.909,11.909,17.077,17.077,18.844,18.844
506,Girl 0-2 yrs,96.9,10.982,10.982,11.93,11.93,17.109,17.109,18.879,18.879
507,Girl 0-2 yrs,97,11.001,11.001,11.952,11.952,17.14,17.14,18.915,18.915
508,Girl 0-2 yrs,97.1,11.021,11.021,11.973,11.973,17.172,17.172,18.95,18.95
509,Girl 0-2 yrs,97.2,11.04,11.04,11.994,11.994,17.204,17.204,18.986,18.986
510,Girl 0-2 yrs,97.3,11.059,11.059,12.015,12.015,17.236,17.236,19.022,19.022
511,Girl 0-2 yrs,97.4,11.079,11.079,12.037,12.037,17.268,17.268,19.058,19.058
512,Girl 0-2 yrs,97.5,11.099,11.099,12.058,12.058,17.3,17.3,19.094,19.094
513,Girl 0-2 yrs,97.6,11.118,11.118,12.08,12.08,17.333,17.333,19.13,19.13
514,Girl 0-2 yrs,97.7,11.137,11.137,12.101,12.101,17.365,17.365,19.166,19.166
515,Girl 0-2 yrs,97.8,11.157,11.157,12.123,12.123,17.398,17.398,19.203,19.203
516,Girl 0-2 yrs,97.9,11.177,11.177,12.144,12.144,17.43,17.43,19.239,19.239
517,Girl 0-2 yrs,98,11.197,11.197,12.166,12.166,17.463,17.463,19.275,19.275
518,Girl 0-2 yrs,98.1,11.216,11.216,12.188,12.188,17.495,17.495,19.312,19.312
519,Girl 0-2 yrs,98.2,11.236,11.236,12.209,12.209,17.528,17.528,19.349,19.349
520,Girl 0-2 yrs,98.3,11.256,11.256,12.231,12.231,17.561,17.561,19.385,19.385
521,Girl 0-2 yrs,98.4,11.276,11.276,12.253,12.253,17.594,17.594,19.422,19.422
522,Girl 0-2 yrs,98.5,11.295,11.295,12.275,12.275,17.627,17.627,19.459,19.459
523,Girl 0-2 yrs,98.6,11.315,11.315,12.297,12.297,17.66,17.66,19.496,19.496
524,Girl 0-2 yrs,98.7,11.336,11.336,12.319,12.319,17.693,17.693,19.533,19.533
525,Girl 0-2 yrs,98.8,11.355,11.355,12.341,12.341,17.727,17.727,19.571,19.571
526,Girl 0-2 yrs,98.9,11.376,11.376,12.363,12.363,17.76,17.76,19.608,19.608
527,Girl 0-2 yrs,99,11.396,11.396,12.385,12.385,17.793,17.793,19.646,19.646
528,Girl 0-2 yrs,99.1,11.416,11.416,12.407,12.407,17.827,17.827,19.684,19.684
529,Girl 0-2 yrs,99.2,11.436,11.436,12.429,12.429,17.861,17.861,19.721,19.721
530,Girl 0-2 yrs,99.3,11.456,11.456,12.452,12.452,17.895,17.895,19.76,19.76
531,Girl 0-2 yrs,99.4,11.477,11.477,12.474,12.474,17.929,17.929,19.797,19.797
532,Girl 0-2 yrs,99.5,11.497,11.497,12.496,12.496,17.963,17.963,19.836,19.836
533,Girl 0-2 yrs,99.6,11.518,11.518,12.519,12.519,17.997,17.997,19.874,19.874
534,Girl 0-2 yrs,99.7,11.538,11.538,12.542,12.542,18.031,18.031,19.913,19.913
535,Girl 0-2 yrs,99.8,11.559,11.559,12.564,12.564,18.066,18.066,19.951,19.951
536,Girl 0-2 yrs,99.9,11.579,11.579,12.587,12.587,18.1,18.1,19.99,19.99
537,Girl 0-2 yrs,100,11.6,11.6,12.61,12.61,18.135,18.135,20.028,20.028
538,Girl 0-2 yrs,100.1,11.621,11.621,12.633,12.633,18.17,18.17,20.068,20.068
539,Girl 0-2 yrs,100.2,11.642,11.642,12.655,12.655,18.205,18.205,20.107,20.107
540,Girl 0-2 yrs,100.3,11.663,11.663,12.679,12.679,18.239,18.239,20.146,20.146
541,Girl 0-2 yrs,100.5,11.705,11.705,12.725,12.725,18.31,18.31,20.226,20.226
542,Girl 0-2 yrs,100.6,11.726,11.726,12.748,12.748,18.345,18.345,20.265,20.265
543,Girl 0-2 yrs,100.7,11.747,11.747,12.771,12.771,18.381,18.381,20.305,20.305
544,Girl 0-2 yrs,100.8,11.768,11.768,12.795,12.795,18.417,18.417,20.345,20.345
545,Girl 0-2 yrs,100.9,11.79,11.79,12.818,12.818,18.452,18.452,20.385,20.385
546,Girl 0-2 yrs,101,11.811,11.811,12.842,12.842,18.488,18.488,20.426,20.426
547,Girl 0-2 yrs,101.1,11.832,11.832,12.865,12.865,18.524,18.524,20.466,20.466
548,Girl 0-2 yrs,101.2,11.854,11.854,12.889,12.889,18.561,18.561,20.507,20.507
549,Girl 0-2 yrs,101.3,11.875,11.875,12.913,12.913,18.597,18.597,20.548,20.548
550,Girl 0-2 yrs,101.4,11.897,11.897,12.937,12.937,18.633,18.633,20.588,20.588
551,Girl 0-2 yrs,101.5,11.919,11.919,12.96,12.96,18.67,18.67,20.63,20.63
552,Girl 0-2 yrs,101.6,11.94,11.94,12.984,12.984,18.706,18.706,20.671,20.671
553,Girl 0-2 yrs,101.7,11.962,11.962,13.008,13.008,18.743,18.743,20.712,20.712
554,Girl 0-2 yrs,101.8,11.984,11.984,13.033,13.033,18.78,18.78,20.754,20.754
555,Girl 0-2 yrs,101.9,12.006,12.006,13.057,13.057,18.817,18.817,20.796,20.796
556,Girl 0-2 yrs,102,12.028,12.028,13.081,13.081,18.855,18.855,20.838,20.838
557,Girl 0-2 yrs,102.1,12.05,12.05,13.105,13.105,18.892,18.892,20.88,20.88
558,Girl 0-2 yrs,102.2,12.072,12.072,13.13,13.13,18.93,18.93,20.922,20.922
559,Girl 0-2 yrs,102.3,12.095,12.095,13.155,13.155,18.967,18.967,20.964,20.964
560,Girl 0-2 yrs,102.4,12.117,12.117,13.179,13.179,19.005,19.005,21.006,21.006
561,Girl 0-2 yrs,102.5,12.14,12.14,13.204,13.204,19.043,19.043,21.049,21.049
562,Girl 0-2 yrs,102.6,12.162,12.162,13.229,13.229,19.081,19.081,21.092,21.092
563,Girl 0-2 yrs,102.7,12.184,12.184,13.253,13.253,19.119,19.119,21.136,21.136
564,Girl 0-2 yrs,102.8,12.207,12.207,13.278,13.278,19.157,19.157,21.179,21.179
565,Girl 0-2 yrs,102.9,12.23,12.23,13.303,13.303,19.196,19.196,21.222,21.222
566,Girl 0-2 yrs,103,12.253,12.253,13.329,13.329,19.235,19.235,21.265,21.265
567,Girl 0-2 yrs,103.1,12.275,12.275,13.354,13.354,19.273,19.273,21.309,21.309
568,Girl 0-2 yrs,103.2,12.298,12.298,13.379,13.379,19.312,19.312,21.352,21.352
569,Girl 0-2 yrs,103.3,12.321,12.321,13.404,13.404,19.351,19.351,21.396,21.396
570,Girl 0-2 yrs,103.4,12.344,12.344,13.43,13.43,19.39,19.39,21.44,21.44
571,Girl 0-2 yrs,103.5,12.367,12.367,13.455,13.455,19.429,19.429,21.484,21.484
572,Girl 0-2 yrs,103.6,12.391,12.391,13.481,13.481,19.469,19.469,21.529,21.529
573,Girl 0-2 yrs,103.7,12.414,12.414,13.506,13.506,19.508,19.508,21.574,21.574
574,Girl 0-2 yrs,103.8,12.437,12.437,13.532,13.532,19.548,19.548,21.618,21.618
575,Girl 0-2 yrs,103.9,12.46,12.46,13.558,13.558,19.588,19.588,21.663,21.663
576,Girl 0-2 yrs,104,12.484,12.484,13.584,13.584,19.628,19.628,21.708,21.708
577,Girl 0-2 yrs,104.1,12.507,12.507,13.61,13.61,19.668,19.668,21.754,21.754
578,Girl 0-2 yrs,104.2,12.531,12.531,13.636,13.636,19.708,19.708,21.799,21.799
579,Girl 0-2 yrs,104.4,12.578,12.578,13.688,13.688,19.789,19.789,21.889,21.889
580,Girl 0-2 yrs,104.5,12.602,12.602,13.714,13.714,19.829,19.829,21.935,21.935
581,Girl 0-2 yrs,104.6,12.626,12.626,13.741,13.741,19.87,19.87,21.981,21.981
582,Girl 0-2 yrs,104.7,12.65,12.65,13.767,13.767,19.911,19.911,22.027,22.027
583,Girl 0-2 yrs,104.8,12.674,12.674,13.793,13.793,19.952,19.952,22.074,22.074
584,Girl 0-2 yrs,104.9,12.698,12.698,13.82,13.82,19.993,19.993,22.12,22.12
585,Girl 0-2 yrs,105,12.722,12.722,13.847,13.847,20.034,20.034,22.166,22.166
586,Girl 0-2 yrs,105.1,12.746,12.746,13.873,13.873,20.076,20.076,22.213,22.213
587,Girl 0-2 yrs,105.2,12.77,12.77,13.9,13.9,20.117,20.117,22.26,22.26
588,Girl 0-2 yrs,105.3,12.795,12.795,13.927,13.927,20.158,20.158,22.306,22.306
589,Girl 0-2 yrs,105.4,12.819,12.819,13.954,13.954,20.2,20.2,22.354,22.354
590,Girl 0-2 yrs,105.5,12.844,12.844,13.981,13.981,20.242,20.242,22.401,22.401
591,Girl 0-2 yrs,105.6,12.868,12.868,14.008,14.008,20.284,20.284,22.449,22.449
592,Girl 0-2 yrs,105.7,12.893,12.893,14.035,14.035,20.326,20.326,22.496,22.496
593,Girl 0-2 yrs,105.8,12.917,12.917,14.063,14.063,20.369,20.369,22.544,22.544
594,Girl 0-2 yrs,105.9,12.942,12.942,14.09,14.09,20.411,20.411,22.592,22.592
595,Girl 0-2 yrs,106,12.967,12.967,14.117,14.117,20.454,20.454,22.641,22.641
596,Girl 0-2 yrs,106.1,12.992,12.992,14.145,14.145,20.497,20.497,22.688,22.688
597,Girl 0-2 yrs,106.2,13.017,13.017,14.173,14.173,20.54,20.54,22.737,22.737
598,Girl 0-2 yrs,106.3,13.042,13.042,14.2,14.2,20.583,20.583,22.786,22.786
599,Girl 0-2 yrs,106.4,13.067,13.067,14.228,14.228,20.626,20.626,22.835,22.835
600,Girl 0-2 yrs,106.5,13.092,13.092,14.256,14.256,20.669,20.669,22.883,22.883
601,Girl 0-2 yrs,106.6,13.117,13.117,14.284,14.284,20.713,20.713,22.933,22.933
602,Girl 0-2 yrs,106.7,13.143,13.143,14.312,14.312,20.756,20.756,22.982,22.982
603,Girl 0-2 yrs,106.8,13.168,13.168,14.34,14.34,20.8,20.8,23.032,23.032
604,Girl 0-2 yrs,106.9,13.194,13.194,14.368,14.368,20.845,20.845,23.082,23.082
605,Girl 0-2 yrs,107,13.22,13.22,14.397,14.397,20.888,20.888,23.131,23.131
606,Girl 0-2 yrs,107.1,13.245,13.245,14.425,14.425,20.933,20.933,23.181,23.181
607,Girl 0-2 yrs,107.2,13.271,13.271,14.454,14.454,20.977,20.977,23.231,23.231
608,Girl 0-2 yrs,107.3,13.297,13.297,14.482,14.482,21.022,21.022,23.282,23.282
609,Girl 0-2 yrs,107.4,13.323,13.323,14.511,14.511,21.067,21.067,23.333,23.333
610,Girl 0-2 yrs,107.5,13.349,13.349,14.54,14.54,21.111,21.111,23.383,23.383
611,Girl 0-2 yrs,107.6,13.375,13.375,14.569,14.569,21.157,21.157,23.434,23.434
612,Girl 0-2 yrs,107.7,13.401,13.401,14.598,14.598,21.202,21.202,23.485,23.485
613,Girl 0-2 yrs,107.8,13.427,13.427,14.627,14.627,21.247,21.247,23.536,23.536
614,Girl 0-2 yrs,107.9,13.454,13.454,14.656,14.656,21.292,21.292,23.588,23.588
615,Girl 0-2 yrs,108,13.48,13.48,14.685,14.685,21.338,21.338,23.64,23.64
616,Girl 0-2 yrs,108.1,13.507,13.507,14.715,14.715,21.384,21.384,23.691,23.691
617,Girl 0-2 yrs,108.3,13.56,13.56,14.773,14.773,21.476,21.476,23.796,23.796
618,Girl 0-2 yrs,108.4,13.586,13.586,14.803,14.803,21.523,21.523,23.848,23.848
619,Girl 0-2 yrs,108.5,13.614,13.614,14.833,14.833,21.569,21.569,23.9,23.9
620,Girl 0-2 yrs,108.6,13.64,13.64,14.863,14.863,21.615,21.615,23.953,23.953
621,Girl 0-2 yrs,108.7,13.667,13.667,14.892,14.892,21.662,21.662,24.006,24.006
622,Girl 0-2 yrs,108.8,13.694,13.694,14.922,14.922,21.709,21.709,24.059,24.059
623,Girl 0-2 yrs,108.9,13.722,13.722,14.953,14.953,21.756,21.756,24.112,24.112
624,Girl 0-2 yrs,109,13.749,13.749,14.983,14.983,21.803,21.803,24.166,24.166
625,Girl 0-2 yrs,109.1,13.776,13.776,15.013,15.013,21.851,21.851,24.219,24.219
626,Girl 0-2 yrs,109.2,13.803,13.803,15.043,15.043,21.898,21.898,24.273,24.273
627,Girl 0-2 yrs,109.3,13.831,13.831,15.073,15.073,21.946,21.946,24.327,24.327
628,Girl 0-2 yrs,109.4,13.859,13.859,15.104,15.104,21.993,21.993,24.381,24.381
629,Girl 0-2 yrs,109.5,13.886,13.886,15.135,15.135,22.041,22.041,24.435,24.435
630,Girl 0-2 yrs,109.6,13.914,13.914,15.165,15.165,22.089,22.089,24.489,24.489
631,Girl 0-2 yrs,109.7,13.942,13.942,15.196,15.196,22.138,22.138,24.544,24.544
632,Girl 0-2 yrs,109.8,13.969,13.969,15.227,15.227,22.186,22.186,24.599,24.599
633,Girl 0-2 yrs,109.9,13.998,13.998,15.258,15.258,22.234,22.234,24.653,24.653
634,Girl 0-2 yrs,110,14.025,14.025,15.289,15.289,22.283,22.283,24.708,24.708
635,Girl 2 - 5 yrs,65,5.583,5.583,6.071,6.071,8.746,8.746,9.664,9.664
636,Girl 2 - 5 yrs,65.1,5.5,5.5,6.08,6.08,8.773,8.773,9.694,9.694
637,Girl 2 - 5 yrs,65.2,5.618,5.618,6.109,6.109,8.8,8.8,9.724,9.724
638,Girl 2 - 5 yrs,65.3,5.635,5.635,6.128,6.128,8.827,8.827,9.753,9.753
639,Girl 2 - 5 yrs,65.4,5.652,5.652,6.146,6.146,8.854,8.854,9.783,9.783
640,Girl 2 - 5 yrs,65.5,5.67,5.67,6.165,6.165,8.881,8.881,9.813,9.813
641,Girl 2 - 5 yrs,65.6,5.687,5.687,6.184,6.184,8.907,8.907,9.842,9.842
642,Girl 2 - 5 yrs,65.7,5.704,5.704,6.203,6.203,8.934,8.934,9.871,9.871
643,Girl 2 - 5 yrs,65.8,5.721,5.721,6.221,6.221,8.96,8.96,9.901,9.901
644,Girl 2 - 5 yrs,65.9,5.739,5.739,6.24,6.24,8.987,8.987,9.93,9.93
645,Girl 2 - 5 yrs,66,5.756,5.756,6.259,6.259,9.013,9.013,9.959,9.959
646,Girl 2 - 5 yrs,66.1,5.773,5.773,6.277,6.277,9.04,9.04,9.988,9.988
647,Girl 2 - 5 yrs,66.2,5.79,5.79,6.296,6.296,9.066,9.066,10.017,10.017
648,Girl 2 - 5 yrs,66.3,5.807,5.807,6.314,6.314,9.092,9.092,10.046,10.046
649,Girl 2 - 5 yrs,66.4,5.824,5.824,6.333,6.333,9.118,9.118,10.074,10.074
650,Girl 2 - 5 yrs,66.5,5.841,5.841,6.351,6.351,9.144,9.144,10.103,10.103
651,Girl 2 - 5 yrs,66.6,5.858,5.858,6.369,6.369,9.171,9.171,10.132,10.132
652,Girl 2 - 5 yrs,66.7,5.875,5.875,6.388,6.388,9.196,9.196,10.16,10.16
653,Girl 2 - 5 yrs,66.8,5.892,5.892,6.406,6.406,9.222,9.222,10.189,10.189
654,Girl 2 - 5 yrs,66.9,5.908,5.908,6.424,6.424,9.248,9.248,10.217,10.217
655,Girl 2 - 5 yrs,67.1,5.942,5.942,6.46,6.46,9.3,9.3,10.274,10.274
656,Girl 2 - 5 yrs,67.2,5.959,5.959,6.479,6.479,9.325,9.325,10.302,10.302
657,Girl 2 - 5 yrs,67.3,5.975,5.975,6.497,6.497,9.351,9.351,10.33,10.33
658,Girl 2 - 5 yrs,67.4,5.992,5.992,6.515,6.515,9.376,9.376,10.358,10.358
659,Girl 2 - 5 yrs,67.5,6.009,6.009,6.533,6.533,9.402,9.402,10.386,10.386
660,Girl 2 - 5 yrs,67.6,6.025,6.025,6.55,6.55,9.427,9.427,10.414,10.414
661,Girl 2 - 5 yrs,67.7,6.042,6.042,6.568,6.568,9.453,9.453,10.442,10.442
662,Girl 2 - 5 yrs,67.8,6.058,6.058,6.586,6.586,9.478,9.478,10.47,10.47
663,Girl 2 - 5 yrs,67.9,6.075,6.075,6.604,6.604,9.503,9.503,10.498,10.498
664,Girl 2 - 5 yrs,68,6.091,6.091,6.622,6.622,9.528,9.528,10.525,10.525
665,Girl 2 - 5 yrs,68.1,6.107,6.107,6.64,6.64,9.553,9.553,10.553,10.553
666,Girl 2 - 5 yrs,68.2,6.124,6.124,6.657,6.657,9.578,9.578,10.58,10.58
667,Girl 2 - 5 yrs,68.3,6.14,6.14,6.675,6.675,9.603,9.603,10.608,10.608
668,Girl 2 - 5 yrs,68.4,6.156,6.156,6.693,6.693,9.628,9.628,10.635,10.635
669,Girl 2 - 5 yrs,68.5,6.173,6.173,6.71,6.71,9.653,9.653,10.663,10.663
670,Girl 2 - 5 yrs,68.6,6.189,6.189,6.728,6.728,9.678,9.678,10.69,10.69
671,Girl 2 - 5 yrs,68.7,6.205,6.205,6.745,6.745,9.703,9.703,10.717,10.717
672,Girl 2 - 5 yrs,68.8,6.221,6.221,6.763,6.763,9.728,9.728,10.745,10.745
673,Girl 2 - 5 yrs,68.9,6.238,6.238,6.781,6.781,9.753,9.753,10.771,10.771
674,Girl 2 - 5 yrs,69,6.254,6.254,6.798,6.798,9.777,9.777,10.798,10.798
675,Girl 2 - 5 yrs,69.1,6.27,6.27,6.815,6.815,9.802,9.802,10.826,10.826
676,Girl 2 - 5 yrs,69.2,6.286,6.286,6.833,6.833,9.826,9.826,10.853,10.853
677,Girl 2 - 5 yrs,69.3,6.302,6.302,6.85,6.85,9.851,9.851,10.88,10.88
678,Girl 2 - 5 yrs,69.4,6.318,6.318,6.868,6.868,9.876,9.876,10.907,10.907
679,Girl 2 - 5 yrs,69.5,6.334,6.334,6.885,6.885,9.9,9.9,10.933,10.933
680,Girl 2 - 5 yrs,69.6,6.35,6.35,6.902,6.902,9.924,9.924,10.96,10.96
681,Girl 2 - 5 yrs,69.7,6.366,6.366,6.919,6.919,9.949,9.949,10.987,10.987
682,Girl 2 - 5 yrs,69.8,6.382,6.382,6.937,6.937,9.973,9.973,11.014,11.014
683,Girl 2 - 5 yrs,69.9,6.398,6.398,6.954,6.954,9.997,9.997,11.04,11.04
684,Girl 2 - 5 yrs,70,6.414,6.414,6.971,6.971,10.021,10.021,11.067,11.067
685,Girl 2 - 5 yrs,70.1,6.429,6.429,6.988,6.988,10.046,10.046,11.093,11.093
686,Girl 2 - 5 yrs,70.2,6.445,6.445,7.006,7.006,10.07,10.07,11.12,11.12
687,Girl 2 - 5 yrs,70.3,6.461,6.461,7.023,7.023,10.094,10.094,11.147,11.147
688,Girl 2 - 5 yrs,70.4,6.477,6.477,7.04,7.04,10.118,10.118,11.173,11.173
689,Girl 2 - 5 yrs,70.5,6.493,6.493,7.057,7.057,10.142,10.142,11.199,11.199
690,Girl 2 - 5 yrs,70.6,6.509,6.509,7.074,7.074,10.167,10.167,11.226,11.226
691,Girl 2 - 5 yrs,70.7,6.524,6.524,7.091,7.091,10.191,10.191,11.252,11.252
692,Girl 2 - 5 yrs,70.8,6.54,6.54,7.108,7.108,10.215,10.215,11.279,11.279
693,Girl 2 - 5 yrs,71,6.572,6.572,7.142,7.142,10.263,10.263,11.331,11.331
694,Girl 2 - 5 yrs,71.1,6.587,6.587,7.159,7.159,10.286,10.286,11.358,11.358
695,Girl 2 - 5 yrs,71.2,6.603,6.603,7.176,7.176,10.311,10.311,11.384,11.384
696,Girl 2 - 5 yrs,71.3,6.619,6.619,7.193,7.193,10.334,10.334,11.41,11.41
697,Girl 2 - 5 yrs,71.4,6.635,6.635,7.21,7.21,10.358,10.358,11.436,11.436
698,Girl 2 - 5 yrs,71.5,6.65,6.65,7.227,7.227,10.382,10.382,11.462,11.462
699,Girl 2 - 5 yrs,71.6,6.666,6.666,7.244,7.244,10.406,10.406,11.488,11.488
700,Girl 2 - 5 yrs,71.7,6.681,6.681,7.261,7.261,10.429,10.429,11.514,11.514
701,Girl 2 - 5 yrs,71.8,6.697,6.697,7.278,7.278,10.453,10.453,11.54,11.54
702,Girl 2 - 5 yrs,71.9,6.712,6.712,7.294,7.294,10.477,10.477,11.566,11.566
703,Girl 2 - 5 yrs,72,6.728,6.728,7.311,7.311,10.5,10.5,11.592,11.592
704,Girl 2 - 5 yrs,72.1,6.743,6.743,7.328,7.328,10.524,10.524,11.618,11.618
705,Girl 2 - 5 yrs,72.2,6.759,6.759,7.345,7.345,10.547,10.547,11.643,11.643
706,Girl 2 - 5 yrs,72.3,6.774,6.774,7.361,7.361,10.571,10.571,11.669,11.669
707,Girl 2 - 5 yrs,72.4,6.79,6.79,7.378,7.378,10.594,10.594,11.695,11.695
708,Girl 2 - 5 yrs,72.5,6.805,6.805,7.395,7.395,10.617,10.617,11.72,11.72
709,Girl 2 - 5 yrs,72.6,6.82,6.82,7.411,7.411,10.64,10.64,11.746,11.746
710,Girl 2 - 5 yrs,72.7,6.836,6.836,7.428,7.428,10.664,10.664,11.771,11.771
711,Girl 2 - 5 yrs,72.8,6.851,6.851,7.444,7.444,10.687,10.687,11.797,11.797
712,Girl 2 - 5 yrs,72.9,6.866,6.866,7.461,7.461,10.71,10.71,11.822,11.822
713,Girl 2 - 5 yrs,73,6.881,6.881,7.477,7.477,10.733,10.733,11.847,11.847
714,Girl 2 - 5 yrs,73.1,6.896,6.896,7.493,7.493,10.756,10.756,11.872,11.872
715,Girl 2 - 5 yrs,73.2,6.911,6.911,7.51,7.51,10.779,10.779,11.898,11.898
716,Girl 2 - 5 yrs,73.3,6.927,6.927,7.526,7.526,10.801,10.801,11.922,11.922
717,Girl 2 - 5 yrs,73.4,6.942,6.942,7.542,7.542,10.824,10.824,11.947,11.947
718,Girl 2 - 5 yrs,73.5,6.957,6.957,7.559,7.559,10.847,10.847,11.972,11.972
719,Girl 2 - 5 yrs,73.6,6.972,6.972,7.575,7.575,10.869,10.869,11.997,11.997
720,Girl 2 - 5 yrs,73.7,6.986,6.986,7.591,7.591,10.892,10.892,12.022,12.022
721,Girl 2 - 5 yrs,73.8,7.001,7.001,7.607,7.607,10.915,10.915,12.046,12.046
722,Girl 2 - 5 yrs,73.9,7.016,7.016,7.623,7.623,10.937,10.937,12.071,12.071
723,Girl 2 - 5 yrs,74,7.031,7.031,7.639,7.639,10.959,10.959,12.095,12.095
724,Girl 2 - 5 yrs,74.1,7.046,7.046,7.655,7.655,10.982,10.982,12.12,12.12
725,Girl 2 - 5 yrs,74.2,7.06,7.06,7.671,7.671,11.004,11.004,12.144,12.144
726,Girl 2 - 5 yrs,74.3,7.075,7.075,7.687,7.687,11.026,11.026,12.168,12.168
727,Girl 2 - 5 yrs,74.4,7.09,7.09,7.702,7.702,11.048,11.048,12.193,12.193
728,Girl 2 - 5 yrs,74.5,7.104,7.104,7.718,7.718,11.07,11.07,12.217,12.217
729,Girl 2 - 5 yrs,74.6,7.119,7.119,7.734,7.734,11.092,11.092,12.241,12.241
730,Girl 2 - 5 yrs,74.7,7.134,7.134,7.75,7.75,11.114,11.114,12.265,12.265
731,Girl 2 - 5 yrs,74.9,7.163,7.163,7.781,7.781,11.158,11.158,12.313,12.313
732,Girl 2 - 5 yrs,75,7.177,7.177,7.797,7.797,11.18,11.18,12.337,12.337
733,Girl 2 - 5 yrs,75.1,7.192,7.192,7.812,7.812,11.202,11.202,12.361,12.361
734,Girl 2 - 5 yrs,75.2,7.206,7.206,7.828,7.828,11.224,11.224,12.385,12.385
735,Girl 2 - 5 yrs,75.3,7.221,7.221,7.844,7.844,11.246,11.246,12.408,12.408
736,Girl 2 - 5 yrs,75.4,7.235,7.235,7.859,7.859,11.267,11.267,12.432,12.432
737,Girl 2 - 5 yrs,75.5,7.249,7.249,7.875,7.875,11.289,11.289,12.456,12.456
738,Girl 2 - 5 yrs,75.6,7.264,7.264,7.89,7.89,11.311,11.311,12.48,12.48
739,Girl 2 - 5 yrs,75.7,7.278,7.278,7.906,7.906,11.333,11.333,12.504,12.504
740,Girl 2 - 5 yrs,75.8,7.293,7.293,7.922,7.922,11.354,11.354,12.527,12.527
741,Girl 2 - 5 yrs,75.9,7.307,7.307,7.937,7.937,11.376,11.376,12.551,12.551
742,Girl 2 - 5 yrs,76,7.321,7.321,7.953,7.953,11.398,11.398,12.575,12.575
743,Girl 2 - 5 yrs,76.1,7.336,7.336,7.968,7.968,11.419,11.419,12.598,12.598
744,Girl 2 - 5 yrs,76.2,7.35,7.35,7.984,7.984,11.441,11.441,12.622,12.622
745,Girl 2 - 5 yrs,76.3,7.365,7.365,7.999,7.999,11.463,11.463,12.646,12.646
746,Girl 2 - 5 yrs,76.4,7.379,7.379,8.015,8.015,11.484,11.484,12.67,12.67
747,Girl 2 - 5 yrs,76.5,7.394,7.394,8.031,8.031,11.506,11.506,12.694,12.694
748,Girl 2 - 5 yrs,76.6,7.408,7.408,8.046,8.046,11.528,11.528,12.718,12.718
749,Girl 2 - 5 yrs,76.7,7.423,7.423,8.062,8.062,11.55,11.55,12.741,12.741
750,Girl 2 - 5 yrs,76.8,7.437,7.437,8.078,8.078,11.572,11.572,12.765,12.765
751,Girl 2 - 5 yrs,76.9,7.452,7.452,8.094,8.094,11.594,11.594,12.79,12.79
752,Girl 2 - 5 yrs,77,7.466,7.466,8.109,8.109,11.616,11.616,12.813,12.813
753,Girl 2 - 5 yrs,77.1,7.481,7.481,8.125,8.125,11.638,11.638,12.838,12.838
754,Girl 2 - 5 yrs,77.2,7.496,7.496,8.141,8.141,11.66,11.66,12.861,12.861
755,Girl 2 - 5 yrs,77.3,7.511,7.511,8.157,8.157,11.682,11.682,12.886,12.886
756,Girl 2 - 5 yrs,77.4,7.525,7.525,8.173,8.173,11.704,11.704,12.91,12.91
757,Girl 2 - 5 yrs,77.5,7.54,7.54,8.189,8.189,11.727,11.727,12.935,12.935
758,Girl 2 - 5 yrs,77.6,7.555,7.555,8.205,8.205,11.749,11.749,12.959,12.959
759,Girl 2 - 5 yrs,77.7,7.57,7.57,8.221,8.221,11.771,11.771,12.984,12.984
760,Girl 2 - 5 yrs,77.8,7.585,7.585,8.237,8.237,11.794,11.794,13.008,13.008
761,Girl 2 - 5 yrs,77.9,7.6,7.6,8.253,8.253,11.816,11.816,13.033,13.033
762,Girl 2 - 5 yrs,78,7.615,7.615,8.27,8.27,11.839,11.839,13.058,13.058
763,Girl 2 - 5 yrs,78.1,7.63,7.63,8.286,8.286,11.862,11.862,13.083,13.083
764,Girl 2 - 5 yrs,78.2,7.645,7.645,8.302,8.302,11.884,11.884,13.107,13.107
765,Girl 2 - 5 yrs,78.3,7.66,7.66,8.319,8.319,11.907,11.907,13.132,13.132
766,Girl 2 - 5 yrs,78.4,7.676,7.676,8.335,8.335,11.93,11.93,13.158,13.158
767,Girl 2 - 5 yrs,78.5,7.691,7.691,8.352,8.352,11.954,11.954,13.183,13.183
768,Girl 2 - 5 yrs,78.6,7.706,7.706,8.368,8.368,11.977,11.977,13.208,13.208
769,Girl 2 - 5 yrs,78.8,7.737,7.737,8.402,8.402,12.023,12.023,13.26,13.26
770,Girl 2 - 5 yrs,78.9,7.753,7.753,8.419,8.419,12.047,12.047,13.285,13.285
771,Girl 2 - 5 yrs,79,7.769,7.769,8.436,8.436,12.07,12.07,13.311,13.311
772,Girl 2 - 5 yrs,79.1,7.784,7.784,8.453,8.453,12.094,12.094,13.337,13.337
773,Girl 2 - 5 yrs,79.2,7.8,7.8,8.47,8.47,12.118,12.118,13.363,13.363
774,Girl 2 - 5 yrs,79.3,7.816,7.816,8.487,8.487,12.142,12.142,13.389,13.389
775,Girl 2 - 5 yrs,79.4,7.832,7.832,8.504,8.504,12.166,12.166,13.416,13.416
776,Girl 2 - 5 yrs,79.5,7.848,7.848,8.522,8.522,12.19,12.19,13.442,13.442
777,Girl 2 - 5 yrs,79.6,7.864,7.864,8.539,8.539,12.215,12.215,13.469,13.469
778,Girl 2 - 5 yrs,79.7,7.88,7.88,8.556,8.556,12.239,12.239,13.496,13.496
779,Girl 2 - 5 yrs,79.8,7.897,7.897,8.574,8.574,12.264,12.264,13.523,13.523
780,Girl 2 - 5 yrs,79.9,7.913,7.913,8.592,8.592,12.289,12.289,13.55,13.55
781,Girl 2 - 5 yrs,80,7.929,7.929,8.609,8.609,12.313,12.313,13.577,13.577
782,Girl 2 - 5 yrs,80.1,7.946,7.946,8.627,8.627,12.338,12.338,13.604,13.604
783,Girl 2 - 5 yrs,80.2,7.963,7.963,8.645,8.645,12.363,12.363,13.632,13.632
784,Girl 2 - 5 yrs,80.3,7.979,7.979,8.663,8.663,12.388,12.388,13.659,13.659
785,Girl 2 - 5 yrs,80.4,7.996,7.996,8.681,8.681,12.414,12.414,13.687,13.687
786,Girl 2 - 5 yrs,80.5,8.013,8.013,8.7,8.7,12.439,12.439,13.715,13.715
787,Girl 2 - 5 yrs,80.6,8.03,8.03,8.718,8.718,12.465,12.465,13.743,13.743
788,Girl 2 - 5 yrs,80.7,8.047,8.047,8.736,8.736,12.491,12.491,13.771,13.771
789,Girl 2 - 5 yrs,80.8,8.064,8.064,8.755,8.755,12.517,12.517,13.8,13.8
790,Girl 2 - 5 yrs,80.9,8.081,8.081,8.773,8.773,12.542,12.542,13.828,13.828
791,Girl 2 - 5 yrs,81,8.098,8.098,8.792,8.792,12.569,12.569,13.857,13.857
792,Girl 2 - 5 yrs,81.1,8.115,8.115,8.81,8.81,12.595,12.595,13.885,13.885
793,Girl 2 - 5 yrs,81.2,8.133,8.133,8.829,8.829,12.621,12.621,13.914,13.914
794,Girl 2 - 5 yrs,81.3,8.15,8.15,8.848,8.848,12.647,12.647,13.943,13.943
795,Girl 2 - 5 yrs,81.4,8.167,8.167,8.867,8.867,12.674,12.674,13.972,13.972
796,Girl 2 - 5 yrs,81.5,8.185,8.185,8.886,8.886,12.701,12.701,14.001,14.001
797,Girl 2 - 5 yrs,81.6,8.203,8.203,8.905,8.905,12.727,12.727,14.031,14.031
798,Girl 2 - 5 yrs,81.7,8.22,8.22,8.924,8.924,12.755,12.755,14.061,14.061
799,Girl 2 - 5 yrs,81.8,8.238,8.238,8.943,8.943,12.781,12.781,14.09,14.09
800,Girl 2 - 5 yrs,81.9,8.256,8.256,8.962,8.962,12.809,12.809,14.12,14.12
801,Girl 2 - 5 yrs,82,8.274,8.274,8.982,8.982,12.836,12.836,14.15,14.15
802,Girl 2 - 5 yrs,82.1,8.292,8.292,9.001,9.001,12.863,12.863,14.18,14.18
803,Girl 2 - 5 yrs,82.2,8.31,8.31,9.021,9.021,12.89,12.89,14.21,14.21
804,Girl 2 - 5 yrs,82.3,8.328,8.328,9.04,9.04,12.918,12.918,14.24,14.24
805,Girl 2 - 5 yrs,82.4,8.346,8.346,9.06,9.06,12.946,12.946,14.27,14.27
806,Girl 2 - 5 yrs,82.5,8.364,8.364,9.08,9.08,12.974,12.974,14.301,14.301
807,Girl 2 - 5 yrs,82.7,8.401,8.401,9.119,9.119,13.03,13.03,14.363,14.363
808,Girl 2 - 5 yrs,82.8,8.419,8.419,9.139,9.139,13.058,13.058,14.393,14.393
809,Girl 2 - 5 yrs,82.9,8.438,8.438,9.159,9.159,13.086,13.086,14.424,14.424
810,Girl 2 - 5 yrs,83,8.456,8.456,9.179,9.179,13.114,13.114,14.455,14.455
811,Girl 2 - 5 yrs,83.1,8.475,8.475,9.199,9.199,13.143,13.143,14.486,14.486
812,Girl 2 - 5 yrs,83.2,8.493,8.493,9.22,9.22,13.171,13.171,14.518,14.518
813,Girl 2 - 5 yrs,83.3,8.512,8.512,9.24,9.24,13.2,13.2,14.549,14.549
814,Girl 2 - 5 yrs,83.4,8.531,8.531,9.26,9.26,13.228,13.228,14.581,14.581
815,Girl 2 - 5 yrs,83.5,8.55,8.55,9.281,9.281,13.257,13.257,14.613,14.613
816,Girl 2 - 5 yrs,83.6,8.569,8.569,9.301,9.301,13.286,13.286,14.644,14.644
817,Girl 2 - 5 yrs,83.7,8.587,8.587,9.321,9.321,13.315,13.315,14.676,14.676
818,Girl 2 - 5 yrs,83.8,8.606,8.606,9.342,9.342,13.344,13.344,14.708,14.708
819,Girl 2 - 5 yrs,83.9,8.625,8.625,9.363,9.363,13.373,13.373,14.74,14.74
820,Girl 2 - 5 yrs,84,8.644,8.644,9.383,9.383,13.402,13.402,14.772,14.772
821,Girl 2 - 5 yrs,84.1,8.663,8.663,9.404,9.404,13.432,13.432,14.805,14.805
822,Girl 2 - 5 yrs,84.2,8.682,8.682,9.425,9.425,13.461,13.461,14.837,14.837
823,Girl 2 - 5 yrs,84.3,8.702,8.702,9.445,9.445,13.491,13.491,14.869,14.869
824,Girl 2 - 5 yrs,84.4,8.721,8.721,9.466,9.466,13.52,13.52,14.902,14.902
825,Girl 2 - 5 yrs,84.5,8.74,8.74,9.487,9.487,13.55,13.55,14.934,14.934
826,Girl 2 - 5 yrs,84.6,8.76,8.76,9.508,9.508,13.58,13.58,14.967,14.967
827,Girl 2 - 5 yrs,84.7,8.779,8.779,9.529,9.529,13.609,13.609,15,15
828,Girl 2 - 5 yrs,84.8,8.798,8.798,9.55,9.55,13.639,13.639,15.033,15.033
829,Girl 2 - 5 yrs,84.9,8.818,8.818,9.571,9.571,13.669,13.669,15.065,15.065
830,Girl 2 - 5 yrs,85,8.837,8.837,9.592,9.592,13.699,13.699,15.098,15.098
831,Girl 2 - 5 yrs,85.1,8.856,8.856,9.613,9.613,13.729,13.729,15.131,15.131
832,Girl 2 - 5 yrs,85.2,8.876,8.876,9.634,9.634,13.759,13.759,15.164,15.164
833,Girl 2 - 5 yrs,85.3,8.895,8.895,9.655,9.655,13.789,13.789,15.197,15.197
834,Girl 2 - 5 yrs,85.4,8.915,8.915,9.676,9.676,13.819,13.819,15.23,15.23
835,Girl 2 - 5 yrs,85.5,8.934,8.934,9.697,9.697,13.849,13.849,15.264,15.264
836,Girl 2 - 5 yrs,85.6,8.954,8.954,9.719,9.719,13.879,13.879,15.297,15.297
837,Girl 2 - 5 yrs,85.7,8.973,8.973,9.74,9.74,13.91,13.91,15.33,15.33
838,Girl 2 - 5 yrs,85.8,8.993,8.993,9.761,9.761,13.94,13.94,15.363,15.363
839,Girl 2 - 5 yrs,85.9,9.012,9.012,9.782,9.782,13.97,13.97,15.397,15.397
840,Girl 2 - 5 yrs,86,9.032,9.032,9.803,9.803,14,14,15.43,15.43
841,Girl 2 - 5 yrs,86.1,9.051,9.051,9.825,9.825,14.031,14.031,15.464,15.464
842,Girl 2 - 5 yrs,86.2,9.071,9.071,9.846,9.846,14.061,14.061,15.497,15.497
843,Girl 2 - 5 yrs,86.3,9.091,9.091,9.867,9.867,14.091,14.091,15.531,15.531
844,Girl 2 - 5 yrs,86.4,9.11,9.11,9.888,9.888,14.122,14.122,15.564,15.564
845,Girl 2 - 5 yrs,86.6,9.149,9.149,9.931,9.931,14.182,14.182,15.631,15.631
846,Girl 2 - 5 yrs,86.7,9.169,9.169,9.952,9.952,14.213,14.213,15.664,15.664
847,Girl 2 - 5 yrs,86.8,9.188,9.188,9.973,9.973,14.243,14.243,15.698,15.698
848,Girl 2 - 5 yrs,86.9,9.208,9.208,9.994,9.994,14.273,14.273,15.731,15.731
849,Girl 2 - 5 yrs,87,9.227,9.227,10.015,10.015,14.304,14.304,15.765,15.765
850,Girl 2 - 5 yrs,87.1,9.247,9.247,10.037,10.037,14.334,14.334,15.798,15.798
851,Girl 2 - 5 yrs,87.2,9.266,9.266,10.058,10.058,14.364,14.364,15.832,15.832
852,Girl 2 - 5 yrs,87.3,9.286,9.286,10.079,10.079,14.395,14.395,15.865,15.865
853,Girl 2 - 5 yrs,87.4,9.305,9.305,10.1,10.1,14.425,14.425,15.899,15.899
854,Girl 2 - 5 yrs,87.5,9.324,9.324,10.121,10.121,14.455,14.455,15.932,15.932
855,Girl 2 - 5 yrs,87.6,9.344,9.344,10.142,10.142,14.485,14.485,15.965,15.965
856,Girl 2 - 5 yrs,87.7,9.363,9.363,10.163,10.163,14.516,14.516,15.999,15.999
857,Girl 2 - 5 yrs,87.8,9.383,9.383,10.184,10.184,14.546,14.546,16.032,16.032
858,Girl 2 - 5 yrs,87.9,9.402,9.402,10.205,10.205,14.576,14.576,16.066,16.066
859,Girl 2 - 5 yrs,88,9.421,9.421,10.226,10.226,14.607,14.607,16.099,16.099
860,Girl 2 - 5 yrs,88.1,9.441,9.441,10.247,10.247,14.637,14.637,16.133,16.133
861,Girl 2 - 5 yrs,88.2,9.46,9.46,10.268,10.268,14.667,14.667,16.166,16.166
862,Girl 2 - 5 yrs,88.3,9.479,9.479,10.289,10.289,14.697,14.697,16.2,16.2
863,Girl 2 - 5 yrs,88.4,9.498,9.498,10.31,10.31,14.728,14.728,16.233,16.233
864,Girl 2 - 5 yrs,88.5,9.518,9.518,10.331,10.331,14.758,14.758,16.266,16.266
865,Girl 2 - 5 yrs,88.6,9.537,9.537,10.352,10.352,14.788,14.788,16.3,16.3
866,Girl 2 - 5 yrs,88.7,9.556,9.556,10.373,10.373,14.818,14.818,16.333,16.333
867,Girl 2 - 5 yrs,88.8,9.575,9.575,10.394,10.394,14.848,14.848,16.367,16.367
868,Girl 2 - 5 yrs,88.9,9.595,9.595,10.415,10.415,14.879,14.879,16.4,16.4
869,Girl 2 - 5 yrs,89,9.614,9.614,10.436,10.436,14.909,14.909,16.433,16.433
870,Girl 2 - 5 yrs,89.1,9.633,9.633,10.457,10.457,14.939,14.939,16.466,16.466
871,Girl 2 - 5 yrs,89.2,9.652,9.652,10.477,10.477,14.969,14.969,16.5,16.5
872,Girl 2 - 5 yrs,89.3,9.671,9.671,10.498,10.498,14.999,14.999,16.533,16.533
873,Girl 2 - 5 yrs,89.4,9.69,9.69,10.519,10.519,15.029,15.029,16.566,16.566
874,Girl 2 - 5 yrs,89.5,9.709,9.709,10.54,10.54,15.059,15.059,16.6,16.6
875,Girl 2 - 5 yrs,89.6,9.728,9.728,10.561,10.561,15.09,15.09,16.633,16.633
876,Girl 2 - 5 yrs,89.7,9.747,9.747,10.581,10.581,15.12,15.12,16.667,16.667
877,Girl 2 - 5 yrs,89.8,9.767,9.767,10.602,10.602,15.15,15.15,16.7,16.7
878,Girl 2 - 5 yrs,89.9,9.786,9.786,10.623,10.623,15.18,15.18,16.733,16.733
879,Girl 2 - 5 yrs,90,9.805,9.805,10.644,10.644,15.21,15.21,16.767,16.767
880,Girl 2 - 5 yrs,90.1,9.824,9.824,10.664,10.664,15.24,15.24,16.8,16.8
881,Girl 2 - 5 yrs,90.2,9.843,9.843,10.685,10.685,15.27,15.27,16.833,16.833
882,Girl 2 - 5 yrs,90.3,9.862,9.862,10.706,10.706,15.3,15.3,16.866,16.866
883,Girl 2 - 5 yrs,90.5,9.9,9.9,10.747,10.747,15.36,15.36,16.933,16.933
884,Girl 2 - 5 yrs,90.6,9.918,9.918,10.768,10.768,15.39,15.39,16.967,16.967
885,Girl 2 - 5 yrs,90.7,9.937,9.937,10.788,10.788,15.421,15.421,17,17
886,Girl 2 - 5 yrs,90.8,9.956,9.956,10.809,10.809,15.451,15.451,17.033,17.033
887,Girl 2 - 5 yrs,90.9,9.975,9.975,10.83,10.83,15.481,15.481,17.067,17.067
888,Girl 2 - 5 yrs,91,9.994,9.994,10.85,10.85,15.511,15.511,17.1,17.1
889,Girl 2 - 5 yrs,91.1,10.013,10.013,10.871,10.871,15.541,15.541,17.134,17.134
890,Girl 2 - 5 yrs,91.2,10.032,10.032,10.892,10.892,15.571,15.571,17.167,17.167
891,Girl 2 - 5 yrs,91.3,10.051,10.051,10.912,10.912,15.601,15.601,17.2,17.2
892,Girl 2 - 5 yrs,91.4,10.07,10.07,10.933,10.933,15.631,15.631,17.234,17.234
893,Girl 2 - 5 yrs,91.5,10.089,10.089,10.953,10.953,15.662,15.662,17.267,17.267
894,Girl 2 - 5 yrs,91.6,10.108,10.108,10.974,10.974,15.692,15.692,17.301,17.301
895,Girl 2 - 5 yrs,91.7,10.127,10.127,10.995,10.995,15.722,15.722,17.334,17.334
896,Girl 2 - 5 yrs,91.8,10.146,10.146,11.015,11.015,15.752,15.752,17.368,17.368
897,Girl 2 - 5 yrs,91.9,10.164,10.164,11.036,11.036,15.782,15.782,17.402,17.402
898,Girl 2 - 5 yrs,92,10.183,10.183,11.056,11.056,15.813,15.813,17.435,17.435
899,Girl 2 - 5 yrs,92.1,10.202,10.202,11.077,11.077,15.843,15.843,17.469,17.469
900,Girl 2 - 5 yrs,92.2,10.221,10.221,11.098,11.098,15.873,15.873,17.502,17.502
901,Girl 2 - 5 yrs,92.3,10.24,10.24,11.118,11.118,15.903,15.903,17.535,17.535
902,Girl 2 - 5 yrs,92.4,10.258,10.258,11.139,11.139,15.934,15.934,17.569,17.569
903,Girl 2 - 5 yrs,92.5,10.277,10.277,11.159,11.159,15.964,15.964,17.603,17.603
904,Girl 2 - 5 yrs,92.6,10.296,10.296,11.18,11.18,15.994,15.994,17.636,17.636
905,Girl 2 - 5 yrs,92.7,10.315,10.315,11.201,11.201,16.025,16.025,17.671,17.671
906,Girl 2 - 5 yrs,92.8,10.334,10.334,11.221,11.221,16.055,16.055,17.704,17.704
907,Girl 2 - 5 yrs,92.9,10.353,10.353,11.242,11.242,16.085,16.085,17.738,17.738
908,Girl 2 - 5 yrs,93,10.372,10.372,11.262,11.262,16.116,16.116,17.772,17.772
909,Girl 2 - 5 yrs,93.1,10.391,10.391,11.283,11.283,16.146,16.146,17.806,17.806
910,Girl 2 - 5 yrs,93.2,10.409,10.409,11.304,11.304,16.177,16.177,17.84,17.84
911,Girl 2 - 5 yrs,93.3,10.428,10.428,11.324,11.324,16.207,16.207,17.873,17.873
912,Girl 2 - 5 yrs,93.4,10.447,10.447,11.345,11.345,16.237,16.237,17.907,17.907
913,Girl 2 - 5 yrs,93.5,10.466,10.466,11.366,11.366,16.268,16.268,17.942,17.942
914,Girl 2 - 5 yrs,93.6,10.485,10.485,11.386,11.386,16.298,16.298,17.975,17.975
915,Girl 2 - 5 yrs,93.7,10.504,10.504,11.407,11.407,16.329,16.329,18.01,18.01
916,Girl 2 - 5 yrs,93.8,10.523,10.523,11.428,11.428,16.36,16.36,18.044,18.044
917,Girl 2 - 5 yrs,93.9,10.542,10.542,11.448,11.448,16.39,16.39,18.078,18.078
918,Girl 2 - 5 yrs,94,10.561,10.561,11.469,11.469,16.421,16.421,18.112,18.112
919,Girl 2 - 5 yrs,94.1,10.58,10.58,11.49,11.49,16.452,16.452,18.146,18.146
920,Girl 2 - 5 yrs,94.2,10.599,10.599,11.511,11.511,16.483,16.483,18.181,18.181
921,Girl 2 - 5 yrs,94.4,10.637,10.637,11.552,11.552,16.545,16.545,18.25,18.25
922,Girl 2 - 5 yrs,94.5,10.656,10.656,11.573,11.573,16.576,16.576,18.284,18.284
923,Girl 2 - 5 yrs,94.6,10.675,10.675,11.594,11.594,16.606,16.606,18.318,18.318
924,Girl 2 - 5 yrs,94.7,10.694,10.694,11.615,11.615,16.637,16.637,18.353,18.353
925,Girl 2 - 5 yrs,94.8,10.713,10.713,11.636,11.636,16.669,16.669,18.388,18.388
926,Girl 2 - 5 yrs,94.9,10.732,10.732,11.657,11.657,16.7,16.7,18.423,18.423
927,Girl 2 - 5 yrs,95,10.751,10.751,11.678,11.678,16.731,16.731,18.457,18.457
928,Girl 2 - 5 yrs,95.1,10.77,10.77,11.699,11.699,16.762,16.762,18.492,18.492
929,Girl 2 - 5 yrs,95.2,10.789,10.789,11.719,11.719,16.793,16.793,18.527,18.527
930,Girl 2 - 5 yrs,95.3,10.809,10.809,11.74,11.74,16.825,16.825,18.562,18.562
931,Girl 2 - 5 yrs,95.4,10.828,10.828,11.761,11.761,16.856,16.856,18.597,18.597
932,Girl 2 - 5 yrs,95.5,10.847,10.847,11.783,11.783,16.887,16.887,18.632,18.632
933,Girl 2 - 5 yrs,95.6,10.866,10.866,11.804,11.804,16.919,16.919,18.667,18.667
934,Girl 2 - 5 yrs,95.7,10.885,10.885,11.825,11.825,16.95,16.95,18.702,18.702
935,Girl 2 - 5 yrs,95.8,10.905,10.905,11.846,11.846,16.982,16.982,18.737,18.737
936,Girl 2 - 5 yrs,95.9,10.924,10.924,11.867,11.867,17.013,17.013,18.773,18.773
937,Girl 2 - 5 yrs,96,10.943,10.943,11.888,11.888,17.045,17.045,18.808,18.808
938,Girl 2 - 5 yrs,96.1,10.963,10.963,11.909,11.909,17.077,17.077,18.844,18.844
939,Girl 2 - 5 yrs,96.2,10.982,10.982,11.93,11.93,17.109,17.109,18.879,18.879
940,Girl 2 - 5 yrs,96.3,11.001,11.001,11.952,11.952,17.14,17.14,18.915,18.915
941,Girl 2 - 5 yrs,96.4,11.021,11.021,11.973,11.973,17.172,17.172,18.95,18.95
942,Girl 2 - 5 yrs,96.5,11.04,11.04,11.994,11.994,17.204,17.204,18.986,18.986
943,Girl 2 - 5 yrs,96.6,11.059,11.059,12.015,12.015,17.236,17.236,19.022,19.022
944,Girl 2 - 5 yrs,96.7,11.079,11.079,12.037,12.037,17.268,17.268,19.058,19.058
945,Girl 2 - 5 yrs,96.8,11.099,11.099,12.058,12.058,17.3,17.3,19.094,19.094
946,Girl 2 - 5 yrs,96.9,11.118,11.118,12.08,12.08,17.333,17.333,19.13,19.13
947,Girl 2 - 5 yrs,97,11.137,11.137,12.101,12.101,17.365,17.365,19.166,19.166
948,Girl 2 - 5 yrs,97.1,11.157,11.157,12.123,12.123,17.398,17.398,19.203,19.203
949,Girl 2 - 5 yrs,97.2,11.177,11.177,12.144,12.144,17.43,17.43,19.239,19.239
950,Girl 2 - 5 yrs,97.3,11.197,11.197,12.166,12.166,17.463,17.463,19.275,19.275
951,Girl 2 - 5 yrs,97.4,11.216,11.216,12.188,12.188,17.495,17.495,19.312,19.312
952,Girl 2 - 5 yrs,97.5,11.236,11.236,12.209,12.209,17.528,17.528,19.349,19.349
953,Girl 2 - 5 yrs,97.6,11.256,11.256,12.231,12.231,17.561,17.561,19.385,19.385
954,Girl 2 - 5 yrs,97.7,11.276,11.276,12.253,12.253,17.594,17.594,19.422,19.422
955,Girl 2 - 5 yrs,97.8,11.295,11.295,12.275,12.275,17.627,17.627,19.459,19.459
956,Girl 2 - 5 yrs,97.9,11.315,11.315,12.297,12.297,17.66,17.66,19.496,19.496
957,Girl 2 - 5 yrs,98,11.336,11.336,12.319,12.319,17.693,17.693,19.533,19.533
958,Girl 2 - 5 yrs,98.1,11.355,11.355,12.341,12.341,17.727,17.727,19.571,19.571
959,Girl 2 - 5 yrs,98.3,11.396,11.396,12.385,12.385,17.793,17.793,19.646,19.646
960,Girl 2 - 5 yrs,98.4,11.416,11.416,12.407,12.407,17.827,17.827,19.684,19.684
961,Girl 2 - 5 yrs,98.5,11.436,11.436,12.429,12.429,17.861,17.861,19.721,19.721
962,Girl 2 - 5 yrs,98.6,11.456,11.456,12.452,12.452,17.895,17.895,19.76,19.76
963,Girl 2 - 5 yrs,98.7,11.477,11.477,12.474,12.474,17.929,17.929,19.797,19.797
964,Girl 2 - 5 yrs,98.8,11.497,11.497,12.496,12.496,17.963,17.963,19.836,19.836
965,Girl 2 - 5 yrs,98.9,11.518,11.518,12.519,12.519,17.997,17.997,19.874,19.874
966,Girl 2 - 5 yrs,99,11.538,11.538,12.542,12.542,18.031,18.031,19.913,19.913
967,Girl 2 - 5 yrs,99.1,11.559,11.559,12.564,12.564,18.066,18.066,19.951,19.951
968,Girl 2 - 5 yrs,99.2,11.579,11.579,12.587,12.587,18.1,18.1,19.99,19.99
969,Girl 2 - 5 yrs,99.3,11.6,11.6,12.61,12.61,18.135,18.135,20.028,20.028
970,Girl 2 - 5 yrs,99.4,11.621,11.621,12.633,12.633,18.17,18.17,20.068,20.068
971,Girl 2 - 5 yrs,99.5,11.642,11.642,12.655,12.655,18.205,18.205,20.107,20.107
972,Girl 2 - 5 yrs,99.6,11.663,11.663,12.679,12.679,18.239,18.239,20.146,20.146
973,Girl 2 - 5 yrs,99.7,11.684,11.684,12.702,12.702,18.275,18.275,20.186,20.186
974,Girl 2 - 5 yrs,99.8,11.705,11.705,12.725,12.725,18.31,18.31,20.226,20.226
975,Girl 2 - 5 yrs,99.9,11.726,11.726,12.748,12.748,18.345,18.345,20.265,20.265
976,Girl 2 - 5 yrs,100,11.747,11.747,12.771,12.771,18.381,18.381,20.305,20.305
977,Girl 2 - 5 yrs,100.1,11.768,11.768,12.795,12.795,18.417,18.417,20.345,20.345
978,Girl 2 - 5 yrs,100.2,11.79,11.79,12.818,12.818,18.452,18.452,20.385,20.385
979,Girl 2 - 5 yrs,100.3,11.811,11.811,12.842,12.842,18.488,18.488,20.426,20.426
980,Girl 2 - 5 yrs,100.4,11.832,11.832,12.865,12.865,18.524,18.524,20.466,20.466
981,Girl 2 - 5 yrs,100.5,11.854,11.854,12.889,12.889,18.561,18.561,20.507,20.507
982,Girl 2 - 5 yrs,100.6,11.875,11.875,12.913,12.913,18.597,18.597,20.548,20.548
983,Girl 2 - 5 yrs,100.7,11.897,11.897,12.937,12.937,18.633,18.633,20.588,20.588
984,Girl 2 - 5 yrs,100.8,11.919,11.919,12.96,12.96,18.67,18.67,20.63,20.63
985,Girl 2 - 5 yrs,100.9,11.94,11.94,12.984,12.984,18.706,18.706,20.671,20.671
986,Girl 2 - 5 yrs,101,11.962,11.962,13.008,13.008,18.743,18.743,20.712,20.712
987,Girl 2 - 5 yrs,101.1,11.984,11.984,13.033,13.033,18.78,18.78,20.754,20.754
988,Girl 2 - 5 yrs,101.2,12.006,12.006,13.057,13.057,18.817,18.817,20.796,20.796
989,Girl 2 - 5 yrs,101.3,12.028,12.028,13.081,13.081,18.855,18.855,20.838,20.838
990,Girl 2 - 5 yrs,101.4,12.05,12.05,13.105,13.105,18.892,18.892,20.88,20.88
991,Girl 2 - 5 yrs,101.5,12.072,12.072,13.13,13.13,18.93,18.93,20.922,20.922
992,Girl 2 - 5 yrs,101.6,12.095,12.095,13.155,13.155,18.967,18.967,20.964,20.964
993,Girl 2 - 5 yrs,101.7,12.117,12.117,13.179,13.179,19.005,19.005,21.006,21.006
994,Girl 2 - 5 yrs,101.8,12.14,12.14,13.204,13.204,19.043,19.043,21.049,21.049
995,Girl 2 - 5 yrs,101.9,12.162,12.162,13.229,13.229,19.081,19.081,21.092,21.092
996,Girl 2 - 5 yrs,102,12.184,12.184,13.253,13.253,19.119,19.119,21.136,21.136
997,Girl 2 - 5 yrs,102.2,12.23,12.23,13.303,13.303,19.196,19.196,21.222,21.222
998,Girl 2 - 5 yrs,102.3,12.253,12.253,13.329,13.329,19.235,19.235,21.265,21.265
999,Girl 2 - 5 yrs,102.4,12.275,12.275,13.354,13.354,19.273,19.273,21.309,21.309
1000,Girl 2 - 5 yrs,102.5,12.298,12.298,13.379,13.379,19.312,19.312,21.352,21.352
1001,Girl 2 - 5 yrs,102.6,12.321,12.321,13.404,13.404,19.351,19.351,21.396,21.396
1002,Girl 2 - 5 yrs,102.7,12.344,12.344,13.43,13.43,19.39,19.39,21.44,21.44
1003,Girl 2 - 5 yrs,102.8,12.367,12.367,13.455,13.455,19.429,19.429,21.484,21.484
1004,Girl 2 - 5 yrs,102.9,12.391,12.391,13.481,13.481,19.469,19.469,21.529,21.529
1005,Girl 2 - 5 yrs,103,12.414,12.414,13.506,13.506,19.508,19.508,21.574,21.574
1006,Girl 2 - 5 yrs,103.1,12.437,12.437,13.532,13.532,19.548,19.548,21.618,21.618
1007,Girl 2 - 5 yrs,103.2,12.46,12.46,13.558,13.558,19.588,19.588,21.663,21.663
1008,Girl 2 - 5 yrs,103.3,12.484,12.484,13.584,13.584,19.628,19.628,21.708,21.708
1009,Girl 2 - 5 yrs,103.4,12.507,12.507,13.61,13.61,19.668,19.668,21.754,21.754
1010,Girl 2 - 5 yrs,103.5,12.531,12.531,13.636,13.636,19.708,19.708,21.799,21.799
1011,Girl 2 - 5 yrs,103.6,12.555,12.555,13.662,13.662,19.748,19.748,21.844,21.844
1012,Girl 2 - 5 yrs,103.7,12.578,12.578,13.688,13.688,19.789,19.789,21.889,21.889
1013,Girl 2 - 5 yrs,103.8,12.602,12.602,13.714,13.714,19.829,19.829,21.935,21.935
1014,Girl 2 - 5 yrs,103.9,12.626,12.626,13.741,13.741,19.87,19.87,21.981,21.981
1015,Girl 2 - 5 yrs,104,12.65,12.65,13.767,13.767,19.911,19.911,22.027,22.027
1016,Girl 2 - 5 yrs,104.1,12.674,12.674,13.793,13.793,19.952,19.952,22.074,22.074
1017,Girl 2 - 5 yrs,104.2,12.698,12.698,13.82,13.82,19.993,19.993,22.12,22.12
1018,Girl 2 - 5 yrs,104.3,12.722,12.722,13.847,13.847,20.034,20.034,22.166,22.166
1019,Girl 2 - 5 yrs,104.4,12.746,12.746,13.873,13.873,20.076,20.076,22.213,22.213
1020,Girl 2 - 5 yrs,104.5,12.77,12.77,13.9,13.9,20.117,20.117,22.26,22.26
1021,Girl 2 - 5 yrs,104.6,12.795,12.795,13.927,13.927,20.158,20.158,22.306,22.306
1022,Girl 2 - 5 yrs,104.7,12.819,12.819,13.954,13.954,20.2,20.2,22.354,22.354
1023,Girl 2 - 5 yrs,104.8,12.844,12.844,13.981,13.981,20.242,20.242,22.401,22.401
1024,Girl 2 - 5 yrs,104.9,12.868,12.868,14.008,14.008,20.284,20.284,22.449,22.449
1025,Girl 2 - 5 yrs,105,12.893,12.893,14.035,14.035,20.326,20.326,22.496,22.496
1026,Girl 2 - 5 yrs,105.1,12.917,12.917,14.063,14.063,20.369,20.369,22.544,22.544
1027,Girl 2 - 5 yrs,105.2,12.942,12.942,14.09,14.09,20.411,20.411,22.592,22.592
1028,Girl 2 - 5 yrs,105.3,12.967,12.967,14.117,14.117,20.454,20.454,22.641,22.641
1029,Girl 2 - 5 yrs,105.4,12.992,12.992,14.145,14.145,20.497,20.497,22.688,22.688
1030,Girl 2 - 5 yrs,105.5,13.017,13.017,14.173,14.173,20.54,20.54,22.737,22.737
1031,Girl 2 - 5 yrs,105.6,13.042,13.042,14.2,14.2,20.583,20.583,22.786,22.786
1032,Girl 2 - 5 yrs,105.7,13.067,13.067,14.228,14.228,20.626,20.626,22.835,22.835
1033,Girl 2 - 5 yrs,105.8,13.092,13.092,14.256,14.256,20.669,20.669,22.883,22.883
1034,Girl 2 - 5 yrs,105.9,13.117,13.117,14.284,14.284,20.713,20.713,22.933,22.933
1035,Girl 2 - 5 yrs,106.1,13.168,13.168,14.34,14.34,20.8,20.8,23.032,23.032
1036,Girl 2 - 5 yrs,106.2,13.194,13.194,14.368,14.368,20.845,20.845,23.082,23.082
1037,Girl 2 - 5 yrs,106.3,13.22,13.22,14.397,14.397,20.888,20.888,23.131,23.131
1038,Girl 2 - 5 yrs,106.4,13.245,13.245,14.425,14.425,20.933,20.933,23.181,23.181
1039,Girl 2 - 5 yrs,106.5,13.271,13.271,14.454,14.454,20.977,20.977,23.231,23.231
1040,Girl 2 - 5 yrs,106.6,13.297,13.297,14.482,14.482,21.022,21.022,23.282,23.282
1041,Girl 2 - 5 yrs,106.7,13.323,13.323,14.511,14.511,21.067,21.067,23.333,23.333
1042,Girl 2 - 5 yrs,106.8,13.349,13.349,14.54,14.54,21.111,21.111,23.383,23.383
1043,Girl 2 - 5 yrs,106.9,13.375,13.375,14.569,14.569,21.157,21.157,23.434,23.434
1044,Girl 2 - 5 yrs,107,13.401,13.401,14.598,14.598,21.202,21.202,23.485,23.485
1045,Girl 2 - 5 yrs,107.1,13.427,13.427,14.627,14.627,21.247,21.247,23.536,23.536
1046,Girl 2 - 5 yrs,107.2,13.454,13.454,14.656,14.656,21.292,21.292,23.588,23.588
1047,Girl 2 - 5 yrs,107.3,13.48,13.48,14.685,14.685,21.338,21.338,23.64,23.64
1048,Girl 2 - 5 yrs,107.4,13.507,13.507,14.715,14.715,21.384,21.384,23.691,23.691
1049,Girl 2 - 5 yrs,107.5,13.533,13.533,14.744,14.744,21.43,21.43,23.743,23.743
1050,Girl 2 - 5 yrs,107.6,13.56,13.56,14.773,14.773,21.476,21.476,23.796,23.796
1051,Girl 2 - 5 yrs,107.7,13.586,13.586,14.803,14.803,21.523,21.523,23.848,23.848
1052,Girl 2 - 5 yrs,107.8,13.614,13.614,14.833,14.833,21.569,21.569,23.9,23.9
1053,Girl 2 - 5 yrs,107.9,13.64,13.64,14.863,14.863,21.615,21.615,23.953,23.953
1054,Girl 2 - 5 yrs,108,13.667,13.667,14.892,14.892,21.662,21.662,24.006,24.006
1055,Girl 2 - 5 yrs,108.1,13.694,13.694,14.922,14.922,21.709,21.709,24.059,24.059
1056,Girl 2 - 5 yrs,108.2,13.722,13.722,14.953,14.953,21.756,21.756,24.112,24.112
1057,Girl 2 - 5 yrs,108.3,13.749,13.749,14.983,14.983,21.803,21.803,24.166,24.166
1058,Girl 2 - 5 yrs,108.4,13.776,13.776,15.013,15.013,21.851,21.851,24.219,24.219
1059,Girl 2 - 5 yrs,108.5,13.803,13.803,15.043,15.043,21.898,21.898,24.273,24.273
1060,Girl 2 - 5 yrs,108.6,13.831,13.831,15.073,15.073,21.946,21.946,24.327,24.327
1061,Girl 2 - 5 yrs,108.7,13.859,13.859,15.104,15.104,21.993,21.993,24.381,24.381
1062,Girl 2 - 5 yrs,108.8,13.886,13.886,15.135,15.135,22.041,22.041,24.435,24.435
1063,Girl 2 - 5 yrs,108.9,13.914,13.914,15.165,15.165,22.089,22.089,24.489,24.489
1064,Girl 2 - 5 yrs,109,13.942,13.942,15.196,15.196,22.138,22.138,24.544,24.544
1065,Girl 2 - 5 yrs,109.1,13.969,13.969,15.227,15.227,22.186,22.186,24.599,24.599
1066,Girl 2 - 5 yrs,109.2,13.998,13.998,15.258,15.258,22.234,22.234,24.653,24.653
1067,Girl 2 - 5 yrs,109.3,14.025,14.025,15.289,15.289,22.283,22.283,24.708,24.708
1068,Girl 2 - 5 yrs,109.4,14.053,14.053,15.32,15.32,22.332,22.332,24.764,24.764
1069,Girl 2 - 5 yrs,109.5,14.081,14.081,15.351,15.351,22.38,22.38,24.819,24.819
1070,Girl 2 - 5 yrs,109.6,14.11,14.11,15.382,15.382,22.429,22.429,24.875,24.875
1071,Girl 2 - 5 yrs,109.7,14.138,14.138,15.413,15.413,22.479,22.479,24.93,24.93
1072,Girl 2 - 5 yrs,109.8,14.166,14.166,15.445,15.445,22.528,22.528,24.986,24.986
1073,Girl 2 - 5 yrs,110,14.223,14.223,15.508,15.508,22.626,22.626,25.098,25.098
1074,Girl 2 - 5 yrs,110.1,14.251,14.251,15.539,15.539,22.676,22.676,25.154,25.154
1075,Girl 2 - 5 yrs,110.2,14.28,14.28,15.571,15.571,22.726,22.726,25.21,25.21
1076,Girl 2 - 5 yrs,110.3,14.309,14.309,15.603,15.603,22.776,22.776,25.267,25.267
1077,Girl 2 - 5 yrs,110.4,14.337,14.337,15.634,15.634,22.826,22.826,25.324,25.324
1078,Girl 2 - 5 yrs,110.5,14.366,14.366,15.666,15.666,22.876,22.876,25.381,25.381
1079,Girl 2 - 5 yrs,110.6,14.395,14.395,15.698,15.698,22.926,22.926,25.438,25.438
1080,Girl 2 - 5 yrs,110.7,14.424,14.424,15.73,15.73,22.977,22.977,25.495,25.495
1081,Girl 2 - 5 yrs,110.8,14.452,14.452,15.762,15.762,23.027,23.027,25.552,25.552
1082,Girl 2 - 5 yrs,110.9,14.481,14.481,15.794,15.794,23.078,23.078,25.61,25.61
1083,Girl 2 - 5 yrs,111,14.511,14.511,15.827,15.827,23.128,23.128,25.666,25.666
1084,Girl 2 - 5 yrs,111.1,14.54,14.54,15.859,15.859,23.179,23.179,25.724,25.724
1085,Girl 2 - 5 yrs,111.2,14.569,14.569,15.891,15.891,23.23,23.23,25.782,25.782
1086,Girl 2 - 5 yrs,111.3,14.598,14.598,15.924,15.924,23.281,23.281,25.84,25.84
1087,Girl 2 - 5 yrs,111.4,14.627,14.627,15.956,15.956,23.332,23.332,25.898,25.898
1088,Girl 2 - 5 yrs,111.5,14.657,14.657,15.989,15.989,23.383,23.383,25.956,25.956
1089,Girl 2 - 5 yrs,111.6,14.686,14.686,16.021,16.021,23.435,23.435,26.014,26.014
1090,Girl 2 - 5 yrs,111.7,14.716,14.716,16.054,16.054,23.486,23.486,26.073,26.073
1091,Girl 2 - 5 yrs,111.8,14.745,14.745,16.087,16.087,23.538,23.538,26.131,26.131
1092,Girl 2 - 5 yrs,111.9,14.775,14.775,16.119,16.119,23.59,23.59,26.19,26.19
1093,Girl 2 - 5 yrs,112,14.804,14.804,16.152,16.152,23.642,23.642,26.249,26.249
1094,Girl 2 - 5 yrs,112.1,14.834,14.834,16.185,16.185,23.694,23.694,26.308,26.308
1095,Girl 2 - 5 yrs,112.2,14.864,14.864,16.218,16.218,23.746,23.746,26.367,26.367
1096,Girl 2 - 5 yrs,112.3,14.893,14.893,16.251,16.251,23.798,23.798,26.426,26.426
1097,Girl 2 - 5 yrs,112.4,14.923,14.923,16.284,16.284,23.85,23.85,26.485,26.485
1098,Girl 2 - 5 yrs,112.5,14.953,14.953,16.317,16.317,23.902,23.902,26.545,26.545
1099,Girl 2 - 5 yrs,112.6,14.983,14.983,16.35,16.35,23.955,23.955,26.604,26.604
1100,Girl 2 - 5 yrs,112.7,15.013,15.013,16.384,16.384,24.007,24.007,26.663,26.663
1101,Girl 2 - 5 yrs,112.8,15.043,15.043,16.417,16.417,24.059,24.059,26.723,26.723
1102,Girl 2 - 5 yrs,112.9,15.073,15.073,16.451,16.451,24.112,24.112,26.783,26.783
1103,Girl 2 - 5 yrs,113,15.103,15.103,16.484,16.484,24.165,24.165,26.843,26.843
1104,Girl 2 - 5 yrs,113.1,15.133,15.133,16.517,16.517,24.218,24.218,26.903,26.903
1105,Girl 2 - 5 yrs,113.2,15.164,15.164,16.551,16.551,24.271,24.271,26.963,26.963
1106,Girl 2 - 5 yrs,113.3,15.194,15.194,16.584,16.584,24.324,24.324,27.023,27.023
1107,Girl 2 - 5 yrs,113.4,15.224,15.224,16.618,16.618,24.377,24.377,27.084,27.084
1108,Girl 2 - 5 yrs,113.5,15.254,15.254,16.652,16.652,24.43,24.43,27.144,27.144
1109,Girl 2 - 5 yrs,113.6,15.285,15.285,16.685,16.685,24.484,24.484,27.205,27.205
1110,Girl 2 - 5 yrs,113.7,15.315,15.315,16.719,16.719,24.537,24.537,27.265,27.265
1111,Girl 2 - 5 yrs,113.9,15.376,15.376,16.786,16.786,24.644,24.644,27.387,27.387
1112,Girl 2 - 5 yrs,114,15.406,15.406,16.82,16.82,24.698,24.698,27.448,27.448
1113,Girl 2 - 5 yrs,114.1,15.437,15.437,16.854,16.854,24.751,24.751,27.509,27.509
1114,Girl 2 - 5 yrs,114.2,15.467,15.467,16.888,16.888,24.805,24.805,27.57,27.57
1115,Girl 2 - 5 yrs,114.3,15.498,15.498,16.922,16.922,24.859,24.859,27.631,27.631
1116,Girl 2 - 5 yrs,114.4,15.528,15.528,16.956,16.956,24.913,24.913,27.692,27.692
1117,Girl 2 - 5 yrs,114.5,15.559,15.559,16.99,16.99,24.967,24.967,27.754,27.754
1118,Girl 2 - 5 yrs,114.6,15.59,15.59,17.024,17.024,25.021,25.021,27.815,27.815
1119,Girl 2 - 5 yrs,114.7,15.62,15.62,17.058,17.058,25.075,25.075,27.876,27.876
1120,Girl 2 - 5 yrs,114.8,15.651,15.651,17.092,17.092,25.129,25.129,27.938,27.938
1121,Girl 2 - 5 yrs,114.9,15.682,15.682,17.126,17.126,25.183,25.183,28,28
1122,Girl 2 - 5 yrs,115,15.712,15.712,17.16,17.16,25.238,25.238,28.061,28.061
1123,Girl 2 - 5 yrs,115.1,15.743,15.743,17.194,17.194,25.292,25.292,28.123,28.123
1124,Girl 2 - 5 yrs,115.2,15.774,15.774,17.229,17.229,25.346,25.346,28.185,28.185
1125,Girl 2 - 5 yrs,115.3,15.805,15.805,17.263,17.263,25.401,25.401,28.247,28.247
1126,Girl 2 - 5 yrs,115.4,15.836,15.836,17.297,17.297,25.455,25.455,28.309,28.309
1127,Girl 2 - 5 yrs,115.5,15.866,15.866,17.331,17.331,25.51,25.51,28.371,28.371
1128,Girl 2 - 5 yrs,115.6,15.897,15.897,17.365,17.365,25.564,25.564,28.433,28.433
1129,Girl 2 - 5 yrs,115.7,15.928,15.928,17.4,17.4,25.619,25.619,28.495,28.495
1130,Girl 2 - 5 yrs,115.8,15.959,15.959,17.434,17.434,25.673,25.673,28.557,28.557
1131,Girl 2 - 5 yrs,115.9,15.99,15.99,17.468,17.468,25.728,25.728,28.619,28.619
1132,Girl 2 - 5 yrs,116,16.021,16.021,17.503,17.503,25.783,25.783,28.681,28.681
1133,Girl 2 - 5 yrs,116.1,16.052,16.052,17.537,17.537,25.837,25.837,28.744,28.744
1134,Girl 2 - 5 yrs,116.2,16.082,16.082,17.571,17.571,25.892,25.892,28.806,28.806
1135,Girl 2 - 5 yrs,116.3,16.113,16.113,17.606,17.606,25.947,25.947,28.868,28.868
1136,Girl 2 - 5 yrs,116.4,16.144,16.144,17.64,17.64,26.002,26.002,28.931,28.931
1137,Girl 2 - 5 yrs,116.5,16.175,16.175,17.674,17.674,26.057,26.057,28.993,28.993
1138,Girl 2 - 5 yrs,116.6,16.206,16.206,17.708,17.708,26.112,26.112,29.057,29.057
1139,Girl 2 - 5 yrs,116.7,16.237,16.237,17.743,17.743,26.167,26.167,29.119,29.119
1140,Girl 2 - 5 yrs,116.8,16.268,16.268,17.777,17.777,26.222,26.222,29.182,29.182
1141,Girl 2 - 5 yrs,116.9,16.298,16.298,17.812,17.812,26.277,26.277,29.244,29.244
1142,Girl 2 - 5 yrs,117,16.329,16.329,17.846,17.846,26.332,26.332,29.307,29.307
1143,Girl 2 - 5 yrs,117.1,16.36,16.36,17.881,17.881,26.387,26.387,29.37,29.37
1144,Girl 2 - 5 yrs,117.2,16.391,16.391,17.915,17.915,26.442,26.442,29.432,29.432
1145,Girl 2 - 5 yrs,117.3,16.422,16.422,17.949,17.949,26.497,26.497,29.495,29.495
1146,Girl 2 - 5 yrs,117.4,16.453,16.453,17.984,17.984,26.552,26.552,29.558,29.558
1147,Girl 2 - 5 yrs,117.5,16.484,16.484,18.018,18.018,26.607,26.607,29.621,29.621
1148,Girl 2 - 5 yrs,117.6,16.515,16.515,18.053,18.053,26.663,26.663,29.684,29.684
1149,Girl 2 - 5 yrs,117.8,16.577,16.577,18.122,18.122,26.773,26.773,29.809,29.809
1150,Girl 2 - 5 yrs,117.9,16.608,16.608,18.156,18.156,26.828,26.828,29.872,29.872
1151,Girl 2 - 5 yrs,118,16.639,16.639,18.19,18.19,26.883,26.883,29.935,29.935
1152,Girl 2 - 5 yrs,118.1,16.67,16.67,18.225,18.225,26.939,26.939,29.998,29.998
1153,Girl 2 - 5 yrs,118.2,16.701,16.701,18.259,18.259,26.994,26.994,30.061,30.061
1154,Girl 2 - 5 yrs,118.3,16.732,16.732,18.294,18.294,27.049,27.049,30.124,30.124
1155,Girl 2 - 5 yrs,118.4,16.763,16.763,18.328,18.328,27.104,27.104,30.187,30.187
1156,Girl 2 - 5 yrs,118.5,16.794,16.794,18.363,18.363,27.16,27.16,30.25,30.25
1157,Girl 2 - 5 yrs,118.6,16.825,16.825,18.397,18.397,27.215,27.215,30.313,30.313
1158,Girl 2 - 5 yrs,118.7,16.855,16.855,18.432,18.432,27.27,27.27,30.376,30.376
1159,Girl 2 - 5 yrs,118.8,16.886,16.886,18.466,18.466,27.326,27.326,30.44,30.44
1160,Girl 2 - 5 yrs,118.9,16.917,16.917,18.5,18.5,27.382,27.382,30.504,30.504
1161,Girl 2 - 5 yrs,119,16.948,16.948,18.534,18.534,27.437,27.437,30.567,30.567
1162,Girl 2 - 5 yrs,119.1,16.979,16.979,18.569,18.569,27.492,27.492,30.63,30.63
1163,Girl 2 - 5 yrs,119.2,17.01,17.01,18.603,18.603,27.548,27.548,30.693,30.693
1164,Girl 2 - 5 yrs,119.3,17.04,17.04,18.638,18.638,27.603,27.603,30.756,30.756
1165,Girl 2 - 5 yrs,119.4,17.071,17.071,18.672,18.672,27.658,27.658,30.82,30.82
1166,Girl 2 - 5 yrs,119.5,17.102,17.102,18.706,18.706,27.714,27.714,30.883,30.883
1167,Girl 2 - 5 yrs,119.6,17.133,17.133,18.741,18.741,27.769,27.769,30.946,30.946
1168,Girl 2 - 5 yrs,119.7,17.164,17.164,18.775,18.775,27.825,27.825,31.009,31.009
1169,Girl 2 - 5 yrs,119.8,17.195,17.195,18.81,18.81,27.88,27.88,31.073,31.073
1170,Girl 2 - 5 yrs,119.9,17.226,17.226,18.844,18.844,27.935,27.935,31.136,31.136
